radio,mcc,net,area,cell,unit,lon,lat,range,samples,changeable,created,updated,averageSignal
UMTS,520,5,40966,76522099,440,100.5624024,13.7130396,633,100,1,1664245683,1737628814,0
LTE,520,4,40966,213961694,499,100.5626115,13.7131308,526,89,1,1616508585,1746069947,0
GSM,520,99,40966,125152798,108,100.562233,13.7129037,974,171,1,1622507920,1737294268,0
LTE,520,18,40966,11795593,415,100.5621298,13.7130259,529,126,1,1553254002,1744937468,0
LTE,520,4,40966,236718057,101,100.5623876,13.7129819,479,98,1,1500746848,1747350838,0
LTE,520,4,40966,222814240,473,100.5625702,13.713124,573,169,1,1508422833,1749835418,0
NR,520,18,5997,172670082,301,100.564995,13.7121321,222,132,1,1577526360,1746966591,0
LTE,520,99,5997,86714409,197,100.5650914,13.711915,561,118,1,1589141782,1747759931,0
NR,520,4,5997,14028499,202,100.5649035,13.711712,230,81,1,1693565610,1754029349,0
NR,520,4,5997,57714707,268,100.5647686,13.7117309,387,27,1,1596539644,1753898963,0
NR,520,4,59238,65886257,278,100.5674376,13.710517,247,76,1,1676811378,1754390146,0
NR,520,18,59238,172220592,359,100.5671079,13.7107766,394,8,1,1613506438,1744354604,0
NR,520,4,59238,193380181,187,100.5671813,13.7106817,216,181,1,1524578420,1743316082,0
NR,520,18,59238,259616876,343,100.5672097,13.7109522,333,69,1,1555918956,1748673687,0
LTE,520,18,59238,268215437,76,100.5671477,13.7107011,676,62,1,1501035773,1746521516,0
LTE,520,18,48699,217574138,436,100.5582138,13.71822,627,126,1,1690442624,1745260071,0
NR,520,4,48699,28499500,90,100.5581117,13.717842,282,62,1,1689624812,1752331358,0
LTE,520,4,48699,153902829,101,100.5577933,13.718392,530,196,1,1690109700,1745423322,0
UMTS,520,5,48699,253875642,442,100.558235,13.7181002,889,143,1,1684551915,1736374307,0
LTE,520,18,48699,211120631,406,100.5582128,13.7181908,586,62,1,1643417180,1737696139,0
GSM,520,4,48699,169012917,85,100.5580006,13.7179641,1018,11,1,1559908554,1753309287,0
LTE,520,5,55060,122436337,332,100.5606484,13.7166108,457,25,1,1692270168,1750100498,0
NR,520,5,55060,125047982,341,100.5602864,13.7169216,370,82,1,1639959094,1751304435,0
NR,520,4,55060,198989047,442,100.5603275,13.7168951,319,163,1,1683127086,1740943110,0
LTE,520,4,55060,12523115,478,100.5604162,13.7170392,548,38,1,1548796959,1735779716,0
NR,520,4,55060,122338884,156,100.5605745,13.7168247,407,171,1,1607679275,1747857504,0
NR,520,5,55060,217858833,189,100.5602036,13.7169879,378,8,1,1593631231,1754201418,0
LTE,520,4,55967,80890579,315,100.5628174,13.7155543,629,61,1,1562744294,1748254947,0
NR,520,4,55967,231608589,251,100.5626393,13.7157258,330,40,1,1577208703,1747774999,0
NR,520,4,55967,244979328,415,100.5627652,13.7157096,378,72,1,1565433641,1736671458,0
UMTS,520,99,55967,193823104,247,100.5625492,13.7157776,765,130,1,1532848047,1746274194,0
UMTS,520,18,55967,266519257,331,100.5626781,13.7154835,693,118,1,1576116952,1751873905,0
NR,520,99,55967,35895508,334,100.5626769,13.7153613,255,108,1,1642149376,1739948191,0
LTE,520,4,21617,235225661,151,100.5650089,13.7142522,377,40,1,1652636190,1753079791,0
LTE,520,4,21617,35186248,368,100.565136,13.7145331,457,54,1,1650753260,1751655886,0
NR,520,4,21617,232664861,189,100.5647879,13.7144207,359,91,1,1519361541,1748250952,0
UMTS,520,5,4595,208433023,116,100.567005,13.7132462,1107,104,1,1663111350,1738816764,0
LTE,520,18,4595,149966098,63,100.5676422,13.7132599,414,11,1,1659907394,1744013297,0
NR,520,25,4595,173012455,44,100.5676047,13.7133548,292,155,1,1562464577,1747824582,0
LTE,520,5,4595,55222851,224,100.5674521,13.7134517,482,68,1,1583954186,1744529182,0
UMTS,520,18,4595,8949433,10,100.5674544,13.7131491,870,144,1,1506384377,1751612813,0
LTE,520,4,60257,34534454,74,100.5695858,13.7116447,599,182,1,1574896428,1753411438,0
LTE,520,4,60257,143583219,289,100.5698229,13.711853,506,185,1,1650078438,1752097069,0
UMTS,520,4,60257,51152322,130,100.5695241,13.711871,650,95,1,1522043131,1741276214,0
LTE,520,5,60257,252284167,501,100.5694156,13.7120802,661,51,1,1683264786,1748202863,0
LTE,520,4,4061,105793166,424,100.5718132,13.7104627,411,25,1,1613765659,1752209513,0
LTE,520,4,4061,70009411,265,100.5719719,13.7104224,449,164,1,1603232237,1749101104,0
NR,520,18,4061,168720700,193,100.5720073,13.7107605,238,36,1,1567890687,1737263832,0
UMTS,520,4,64197,197672766,255,100.5742814,13.7095716,943,109,1,1682991180,1750844623,0
LTE,520,5,64197,10879383,460,100.5741745,13.7093297,658,93,1,1520000478,1750219190,0
UMTS,520,5,64197,188008077,343,100.5739452,13.7096377,1093,68,1,1560328900,1741557875,0
NR,520,4,64197,45000714,489,100.5740813,13.709245,406,66,1,1618526066,1738102605,0
LTE,520,4,64197,117794272,405,100.5738476,13.7093289,448,117,1,1660359325,1744230666,0
UMTS,520,18,52480,172786928,118,100.5581606,13.7209116,841,167,1,1590776688,1748393141,0
LTE,520,18,52480,197632399,366,100.557976,13.7206526,355,131,1,1691670005,1750271934,0
LTE,520,5,52480,125807591,483,100.5579614,13.7209962,546,17,1,1580457640,1746162173,0
UMTS,520,4,52480,18480854,277,100.5579486,13.720828,676,158,1,1618645678,1741483318,0
LTE,520,99,52480,59645522,420,100.5581736,13.720587,597,150,1,1521729515,1746069180,0
LTE,520,5,52889,175364889,323,100.5604002,13.7195907,492,21,1,1611664691,1740818513,0
NR,520,18,52889,106322630,443,100.5603489,13.7195112,280,101,1,1531519263,1751536378,0
LTE,520,99,52889,202485534,359,100.5606401,13.7193517,362,141,1,1577959680,1752185278,0
NR,520,18,52889,230944064,126,100.5604063,13.7193439,298,117,1,1522350519,1738669673,0
LTE,520,18,19179,248777274,187,100.5625806,13.7181567,553,154,1,1689579715,1740622464,0
LTE,520,4,19179,238658686,471,100.5627517,13.7186648,375,137,1,1544703340,1752331153,0
LTE,520,18,19179,74602406,417,100.5625197,13.7184758,639,32,1,1594734402,1751203019,0
LTE,520,18,19179,206134458,268,100.5628317,13.7181789,597,63,1,1660440130,1750410279,0
NR,520,99,3717,38527867,344,100.5650472,13.71705,261,73,1,1628671465,1742647876,0
NR,520,4,3717,101098835,446,100.5647216,13.7171046,252,126,1,1515266954,1754241021,0
LTE,520,4,3717,172071419,213,100.5648988,13.7170165,620,77,1,1641913387,1751133077,0
LTE,520,4,3717,52498581,386,100.564879,13.716997,579,184,1,1618752492,1747418135,0
NR,520,5,3717,242095390,220,100.5646813,13.7171264,312,14,1,1528344554,1742669845,0
LTE,520,4,15203,171751247,437,100.5671338,13.7155472,359,192,1,1502693954,1738674782,0
LTE,520,18,15203,6470323,135,100.5672444,13.7156314,627,102,1,1536813444,1743996870,0
LTE,520,18,15203,165659259,307,100.5672524,13.7156704,662,184,1,1617292984,1748366439,0
LTE,520,5,15203,253793032,107,100.5669511,13.7156956,683,9,1,1677239429,1737880224,0
LTE,520,99,18126,84611354,189,100.5697794,13.7142569,583,122,1,1658247196,1748568110,0
NR,520,0,18126,102426579,258,100.5700092,13.7147594,213,79,1,1644825260,1740212918,0
LTE,520,99,18126,186273020,266,100.5697347,13.7146618,396,16,1,1610801440,1738685444,0
LTE,520,0,19917,193965276,342,100.5717898,13.7132591,648,38,1,1580650678,1742130768,0
NR,520,4,19917,879594,24,100.5717805,13.7131024,254,137,1,1553516362,1750183680,0
LTE,520,5,19917,252119902,260,100.5718392,13.7133233,530,24,1,1569798477,1735704352,0
NR,520,99,19917,201282446,385,100.5720319,13.713251,337,182,1,1562559381,1746659030,0
UMTS,520,4,24092,122060372,101,100.5741749,13.7119591,868,148,1,1597825439,1749498420,0
NR,520,18,24092,150613415,359,100.5741498,13.7120549,252,181,1,1646161442,1744775493,0
LTE,520,99,24092,74808496,302,100.5743571,13.7120073,376,61,1,1666693906,1739390111,0
LTE,520,4,24092,121898944,108,100.5740302,13.7117877,608,178,1,1684505552,1747424028,0
NR,520,18,24092,73278772,404,100.5741242,13.712076,223,161,1,1668677455,1746896262,0
UMTS,520,4,56708,151906743,383,100.5765519,13.7106817,676,77,1,1552985312,1740781209,0
LTE,520,18,56708,218142135,203,100.5762744,13.7105403,487,9,1,1502521278,1738067471,0
LTE,520,18,56708,140647228,326,100.5765988,13.710287,463,123,1,1614224571,1748714751,0
NR,520,99,56708,201929098,231,100.576478,13.710546,313,116,1,1536297980,1738318710,0
NR,520,4,40577,84963539,203,100.5560477,13.7250483,266,154,1,1574456082,1748940513,0
NR,520,18,40577,145411088,339,100.5562509,13.7249916,231,184,1,1576805064,1739990389,0
LTE,520,99,40577,143226435,167,100.5558958,13.7247839,417,98,1,1593906541,1744966404,0
LTE,520,4,40577,247387545,295,100.555827,13.7246576,503,149,1,1639292749,1737822735,0
LTE,520,25,40577,118239675,407,100.5559322,13.7244197,458,175,1,1656279296,1740005064,0
LTE,520,18,31643,233879800,247,100.558262,13.7234726,398,33,1,1539127084,1740690687,0
LTE,520,4,31643,60681678,179,100.5582072,13.7237909,555,146,1,1556175772,1742632768,0
LTE,520,5,31643,9102928,215,100.5582006,13.723443,492,151,1,1543058122,1752742482,0
LTE,520,5,60165,260736354,220,100.5604191,13.7221853,560,159,1,1687118178,1748635613,0
NR,520,18,60165,39165141,99,100.5604512,13.7224772,237,139,1,1531895372,1753115108,0
LTE,520,4,60165,246990637,16,100.5603184,13.722138,671,70,1,1622322315,1752394707,0
NR,520,18,60165,17999037,426,100.5603192,13.722312,419,136,1,1620486968,1738133381,0
NR,520,18,60165,18931658,499,100.560493,13.722275,265,44,1,1590587654,1741036168,0
LTE,520,0,32610,253869712,207,100.5626407,13.7203676,485,90,1,1524661828,1743656078,0
LTE,520,4,32610,125818948,338,100.5627552,13.7208908,630,101,1,1546021232,1745052000,0
LTE,520,4,32610,62752943,251,100.5627836,13.7204683,572,65,1,1656579826,1738731410,0
LTE,520,5,32610,131141827,320,100.5627338,13.7205726,361,148,1,1580863796,1753313836,0
LTE,520,18,32610,155144516,384,100.5631799,13.7205255,597,31,1,1536852196,1736600585,0
UMTS,520,4,32610,50731092,499,100.5627438,13.7205302,810,90,1,1621058454,1735924381,0
LTE,520,18,31375,255031897,144,100.5647885,13.7194075,464,67,1,1686911128,1735085680,0
LTE,520,18,31375,226041460,167,100.5649888,13.7192926,374,102,1,1506171967,1739465321,0
LTE,520,4,31375,248818312,299,100.564985,13.7194574,686,49,1,1630665993,1752953803,0
NR,520,4,31375,225027868,110,100.5652887,13.7194033,215,22,1,1525232735,1748571043,0
LTE,520,4,31375,169977233,263,100.5652221,13.7193037,380,67,1,1630243692,1750918610,0
NR,520,18,31375,264513557,131,100.5653854,13.719332,332,146,1,1690446387,1749871379,0
LTE,520,4,60105,171993671,70,100.5672206,13.7179989,592,26,1,1661166688,1751242879,0
NR,520,18,60105,60376342,429,100.5670635,13.7182145,415,168,1,1548827100,1753414495,0
LTE,520,4,60105,232485593,361,100.5672631,13.7182014,419,89,1,1545360117,1749249143,0
LTE,520,99,60105,213936451,141,100.5672742,13.7180752,678,88,1,1600799511,1737354288,0
LTE,520,25,60105,25908190,330,100.5673937,13.7182986,526,102,1,1632892880,1743707756,0
UMTS,520,0,60105,239681813,314,100.5672112,13.7183784,1089,174,1,1615211676,1737358364,0
LTE,520,5,27104,219517235,246,100.5695647,13.7170525,538,195,1,1511389764,1742850042,0
NR,520,4,27104,115099709,387,100.5696195,13.7168136,290,108,1,1676420500,1745073800,0
LTE,520,5,27104,65649638,483,100.5698114,13.7169357,522,145,1,1593078025,1748145545,0
NR,520,4,48546,77802741,283,100.5722793,13.7158574,404,120,1,1618806296,1736086495,0
NR,520,18,48546,223117316,34,100.5719564,13.7156547,264,85,1,1624627404,1736348047,0
NR,520,0,48546,26196606,324,100.572129,13.7155433,247,161,1,1533607450,1754403119,0
LTE,520,99,48546,162678409,101,100.5719638,13.7156615,531,190,1,1611912499,1737517614,0
LTE,520,99,48546,248451964,6,100.5721457,13.715525,442,149,1,1526887798,1754362411,0
NR,520,18,48546,50634048,485,100.5720458,13.7154461,270,133,1,1655221364,1742982937,0
UMTS,520,4,30370,166356990,450,100.574362,13.7142647,878,152,1,1601032347,1741201726,0
NR,520,4,30370,235475680,140,100.5741635,13.7140114,273,6,1,1583481207,1754177887,0
LTE,520,4,30370,145159414,237,100.5739612,13.7140878,557,21,1,1563664309,1746338730,0
NR,520,99,30370,29165421,88,100.5739713,13.7144213,342,108,1,1564343123,1743565846,0
UMTS,520,18,30370,190994820,284,100.5742221,13.7142141,1112,107,1,1646251664,1751567202,0
GSM,520,5,30370,68982768,446,100.5741515,13.7145161,987,156,1,1665510986,1747792548,0
LTE,520,99,47109,251363678,143,100.5766734,13.7128406,671,169,1,1563253960,1750890256,0
LTE,520,0,47109,186635460,47,100.5766264,13.7129603,561,198,1,1583342305,1736477069,0
LTE,520,4,47109,142375371,185,100.5763759,13.7130995,456,176,1,1535172539,1751447239,0
UMTS,520,4,47109,218435544,187,100.5763217,13.7130033,1235,80,1,1523767710,1743733169,0
NR,520,4,47109,233492614,151,100.5765093,13.7130653,227,179,1,1551235173,1737379861,0
LTE,520,4,49152,182263160,276,100.5787853,13.7117979,610,23,1,1671367871,1746948763,0
NR,520,25,49152,15837737,390,100.5785031,13.7119955,393,20,1,1552419324,1746641056,0
UMTS,520,99,49152,25679218,360,100.5786576,13.7119118,754,59,1,1553162068,1752827974,0
NR,520,5,49152,87183240,243,100.5785984,13.7119169,286,39,1,1674929930,1751360136,0
LTE,520,5,36038,198700247,43,100.5811243,13.7106442,511,83,1,1676033279,1751508225,0
LTE,520,18,36038,160562267,196,100.5812027,13.7104037,682,117,1,1603659605,1741761877,0
LTE,520,5,36038,202449089,237,100.5811692,13.710693,635,21,1,1597061218,1735631917,0
LTE,520,4,36038,258643707,171,100.5810903,13.7106925,563,169,1,1619965824,1745179186,0
NR,520,4,5704,76513277,152,100.5557041,13.7271648,236,56,1,1677134890,1748511615,0
LTE,520,18,5704,128808905,29,100.5557389,13.7271364,670,128,1,1610457574,1751018596,0
LTE,520,18,5704,259942624,43,100.5556065,13.7270054,528,75,1,1682872618,1738380648,0
LTE,520,18,5704,107065279,1,100.5557821,13.7271155,422,17,1,1646907268,1736677419,0
NR,520,4,5704,238425816,471,100.5559183,13.7270953,263,132,1,1500131351,1740302728,0
UMTS,520,5,5704,104047037,355,100.5557382,13.7270671,1239,183,1,1590494731,1749319773,0
UMTS,520,18,56556,166304311,69,100.5583453,13.7260944,872,159,1,1699147191,1739045095,0
NR,520,0,56556,150266282,415,100.558093,13.7255845,236,66,1,1512529026,1753312802,0
LTE,520,4,56556,97892420,338,100.5581231,13.7257329,606,10,1,1508532320,1753904163,0
LTE,520,4,56556,24657139,433,100.5581494,13.7256243,565,131,1,1638527130,1735928114,0
LTE,520,99,56556,166729199,25,100.5579,13.7259746,678,153,1,1534312691,1745523838,0
NR,520,0,25695,146775444,432,100.5607602,13.7248763,358,15,1,1650933071,1754450206,0
LTE,520,5,25695,117436571,263,100.5604928,13.7248317,565,82,1,1697907364,1744786470,0
LTE,520,5,25695,184523098,381,100.5607351,13.7247388,522,73,1,1680451031,1740623643,0
LTE,520,4,25695,204822456,421,100.5607568,13.7246043,646,25,1,1568775334,1752711030,0
LTE,520,18,11220,242206850,395,100.5629446,13.723463,398,191,1,1501523354,1754307706,0
NR,520,99,11220,183033012,164,100.5627965,13.7240023,358,51,1,1552822606,1742733301,0
NR,520,4,11220,136541636,45,100.5630245,13.7235959,349,161,1,1547197939,1741428632,0
NR,520,4,11220,44125865,311,100.5628823,13.723715,303,96,1,1545031663,1751277906,0
LTE,520,5,11220,194851174,67,100.5626701,13.723743,567,108,1,1545196520,1753435542,0
LTE,520,5,58179,120206514,191,100.5651609,13.7220906,462,76,1,1597656745,1741523015,0
NR,520,5,58179,142413373,56,100.5652723,13.7221676,282,135,1,1623244742,1747150664,0
LTE,520,18,58179,225495666,110,100.5651621,13.721756,485,54,1,1514754152,1753556025,0
UMTS,520,18,58179,176335547,332,100.5653714,13.7224713,1191,26,1,1558556861,1737449136,0
LTE,520,18,58179,259384494,138,100.5652517,13.7223828,599,68,1,1697254677,1744752892,0
LTE,520,18,50560,212257143,243,100.5672306,13.7209515,611,164,1,1696330668,1737679938,0
LTE,520,99,50560,66944731,439,100.5669487,13.7208087,694,158,1,1648109092,1753878405,0
LTE,520,18,50560,173068981,490,100.5669099,13.7207779,488,61,1,1662330957,1735444737,0
NR,520,18,50560,70090885,332,100.5669671,13.7206741,351,45,1,1592864826,1742308017,0
NR,520,4,13373,108152404,352,100.5695442,13.7196407,378,47,1,1619886661,1751344920,0
UMTS,520,99,13373,245780590,414,100.5693924,13.71967,1088,36,1,1649373317,1744228784,0
UMTS,520,4,13373,187215940,335,100.5696046,13.7195719,835,68,1,1666959404,1738109359,0
LTE,520,18,32213,94617776,342,100.5721846,13.7182683,694,80,1,1543565069,1737788568,0
LTE,520,18,32213,136337140,392,100.5715106,13.7181396,652,151,1,1641361139,1745178923,0
NR,520,18,32213,201060748,98,100.5720973,13.7184094,274,31,1,1561075240,1741032872,0
LTE,520,4,32213,265323939,9,100.5716584,13.7184358,648,193,1,1617182592,1747941171,0
LTE,520,4,28036,266879209,205,100.5743087,13.7173752,673,110,1,1607245481,1747675419,0
NR,520,4,28036,265920425,340,100.5741992,13.7170379,408,8,1,1676798762,1741757080,0
LTE,520,4,28036,127489368,5,100.5739908,13.7167589,600,137,1,1551335857,1743932052,0
LTE,520,18,28036,209529439,52,100.5739067,13.7171121,629,198,1,1592072046,1736382037,0
LTE,520,4,28036,168021182,125,100.5743161,13.7168836,685,105,1,1648972939,1748635367,0
NR,520,4,28036,228967185,54,100.574082,13.716749,298,59,1,1500494651,1750423736,0
LTE,520,18,4962,83213310,365,100.5764323,13.7158351,386,24,1,1536150578,1741629690,0
LTE,520,5,4962,82941253,436,100.5763772,13.7157361,454,7,1,1541301424,1751060544,0
UMTS,520,5,4962,262615318,319,100.5764003,13.7158388,1174,56,1,1568166273,1752777298,0
LTE,520,4,4962,51190129,282,100.5764087,13.7156452,628,73,1,1608463853,1748224127,0
LTE,520,18,4962,137113166,227,100.5765192,13.7155945,415,173,1,1693185457,1746050906,0
NR,520,4,11767,192560421,344,100.5794121,13.7141935,252,38,1,1599093489,1743297209,0
LTE,520,18,11767,52257780,52,100.5788462,13.7144607,632,43,1,1606793019,1744551714,0
LTE,520,18,11767,117813486,225,100.5787154,13.7147228,462,164,1,1670660491,1735489994,0
UMTS,520,4,11767,266213898,402,100.5790292,13.7141125,1173,161,1,1597826890,1750167501,0
LTE,520,18,2168,123790637,372,100.5808204,13.7132034,399,166,1,1608390014,1738288536,0
LTE,520,18,2168,65175557,487,100.5812902,13.7130244,605,10,1,1635445431,1752615035,0
LTE,520,4,2168,72582572,113,100.5808399,13.7131018,460,16,1,1589816995,1741463399,0
NR,520,4,2168,23681044,430,100.5812894,13.7132303,342,77,1,1611789978,1745436275,0
UMTS,520,5,2168,59758438,305,100.5810044,13.7130793,868,43,1,1585427176,1741622492,0
LTE,520,18,2168,123421179,193,100.581149,13.7132836,466,146,1,1575367128,1747380619,0
LTE,520,99,32593,59147331,359,100.5834441,13.7118828,613,88,1,1669426136,1751224932,0
NR,520,5,32593,95933676,128,100.5834498,13.7115355,264,118,1,1524026352,1742906619,0
LTE,520,5,32593,106544455,168,100.5830961,13.7116194,574,26,1,1525211209,1751765864,0
LTE,520,4,32593,94483035,86,100.583341,13.7118973,538,196,1,1568790348,1741002978,0
NR,520,5,32593,175854874,182,100.5835603,13.71131,361,147,1,1590867325,1736369001,0
NR,520,4,62006,73061839,260,100.555688,13.7298358,262,39,1,1552992857,1745775545,0
NR,520,18,62006,97599891,373,100.5558297,13.7296626,415,3,1,1625002621,1740874409,0
NR,520,18,62006,70397885,471,100.5557556,13.7298466,249,31,1,1583599391,1748836031,0
NR,520,99,48004,44886970,60,100.5581347,13.7287277,258,4,1,1513397749,1745292022,0
NR,520,18,48004,15234802,11,100.558264,13.7283858,266,164,1,1557987031,1751941678,0
LTE,520,4,48004,266498054,97,100.558089,13.7285793,643,31,1,1699423334,1738929125,0
NR,520,4,48004,167090,368,100.5581868,13.7285595,386,131,1,1550989282,1739240494,0
LTE,520,18,22180,157341096,90,100.5603836,13.7274077,520,99,1,1525066849,1744091762,0
LTE,520,4,22180,252788763,125,100.5603732,13.7272964,623,24,1,1522807571,1745681435,0
NR,520,4,22180,55142103,429,100.5602297,13.7271164,351,100,1,1638568020,1754444441,0
LTE,520,18,55877,170641963,479,100.5627501,13.7255899,374,141,1,1540989458,1748919222,0
NR,520,4,55877,177699206,442,100.5628512,13.7259436,229,119,1,1682722772,1752817776,0
LTE,520,18,55877,51971349,455,100.5626893,13.7257716,639,190,1,1546660156,1738858278,0
LTE,520,4,55877,8550754,126,100.5623048,13.7259049,421,65,1,1608721186,1735273818,0
LTE,520,99,32707,87554051,424,100.5650912,13.7243222,628,184,1,1565288218,1739219953,0
UMTS,520,5,32707,227426078,369,100.5648061,13.7245073,848,188,1,1673010284,1736725838,0
UMTS,520,5,32707,188361453,155,100.5646559,13.7248131,1209,21,1,1568422943,1735024325,0
LTE,520,18,32707,52682609,382,100.5647075,13.7247821,690,92,1,1541118292,1735134283,0
LTE,520,99,32707,2292347,420,100.5652471,13.7247015,400,153,1,1618469187,1743736342,0
NR,520,4,32707,149115426,493,100.5649686,13.7244428,246,59,1,1510444716,1753088060,0
LTE,520,5,58157,83573124,176,100.567043,13.7235118,687,30,1,1568292292,1740342525,0
UMTS,520,4,58157,155334588,30,100.5671265,13.7230938,1138,146,1,1554901016,1751748876,0
GSM,520,5,58157,228308524,262,100.5671112,13.7233868,1019,73,1,1516705745,1745135285,0
NR,520,5,58157,117826080,197,100.5672926,13.7231953,271,50,1,1541997409,1751648239,0
UMTS,520,5,58157,261025651,420,100.5672287,13.7236096,855,42,1,1661061201,1743799766,0
UMTS,520,18,13833,125808034,10,100.5700376,13.7221316,968,121,1,1669209902,1737214381,0
GSM,520,0,13833,172707297,267,100.5695658,13.7219705,945,171,1,1664113811,1736194904,0
NR,520,99,13833,116223181,469,100.5695941,13.7220283,355,164,1,1597319206,1753202828,0
LTE,520,99,13833,86160997,206,100.5694327,13.7218801,466,98,1,1501145509,1746074190,0
LTE,520,4,13833,62158215,426,100.5696121,13.7218961,449,114,1,1637126473,1742206966,0
NR,520,18,13833,268348451,280,100.5698037,13.7221894,398,199,1,1553480341,1739648917,0
LTE,520,0,4695,184475853,29,100.5717557,13.7210967,670,126,1,1587869893,1736778213,0
NR,520,5,4695,59449231,303,100.5716538,13.7208846,291,87,1,1614322006,1739189905,0
UMTS,520,99,4695,148927157,439,100.5720755,13.7208229,1114,14,1,1561341994,1744272333,0
NR,520,4,4695,76429067,17,100.5713838,13.7210338,271,52,1,1597692358,1752541905,0
LTE,520,99,4695,228573370,341,100.5720099,13.7208515,578,111,1,1618962210,1752601399,0
LTE,520,5,57635,150038613,391,100.574178,13.7196506,664,40,1,1595838914,1741188177,0
LTE,520,4,57635,245915155,376,100.5741374,13.7195762,523,117,1,1503348838,1737915708,0
NR,520,5,57635,30712610,403,100.5742114,13.7196615,401,169,1,1674018024,1749802529,0
LTE,520,18,57635,134717536,141,100.5742736,13.7195125,406,46,1,1656352822,1742612457,0
LTE,520,5,4190,105260584,446,100.5763908,13.7180343,571,37,1,1679524530,1750822636,0
NR,520,4,4190,119305249,450,100.5765375,13.7185083,316,120,1,1585093872,1750746151,0
LTE,520,99,4190,238317960,89,100.5764243,13.7180922,440,186,1,1689106298,1748213334,0
LTE,520,18,4190,6414276,121,100.5765487,13.7183084,427,77,1,1580529743,1752047051,0
LTE,520,4,4190,111014678,474,100.5767082,13.7184925,605,87,1,1612794468,1744949490,0
NR,520,5,4190,139913680,301,100.5762343,13.7180644,374,40,1,1592308559,1747689065,0
LTE,520,99,52243,60377134,299,100.5789004,13.7167607,541,25,1,1663615443,1738238852,0
NR,520,4,52243,167887945,384,100.5791996,13.7171186,237,16,1,1628733414,1744595983,0
LTE,520,5,52243,235978843,502,100.5793461,13.716911,459,126,1,1601957967,1750140165,0
LTE,520,99,24881,56048990,154,100.581002,13.7155359,545,198,1,1572002255,1740119513,0
LTE,520,4,24881,62796663,126,100.5807585,13.7156691,583,157,1,1616024691,1735380320,0
LTE,520,5,24881,184356955,434,100.5812142,13.715719,423,5,1,1585381767,1746344080,0
LTE,520,4,43470,173327269,390,100.5832922,13.7143031,606,132,1,1503908041,1747131017,0
LTE,520,5,43470,131667732,225,100.5830968,13.71436,390,101,1,1521198130,1751057148,0
NR,520,18,43470,175092395,259,100.5833473,13.7141802,331,104,1,1541246432,1753672130,0
UMTS,520,25,2660,232778085,415,100.5860523,13.7133655,1040,90,1,1557780918,1750300148,0
UMTS,520,4,2660,167210218,102,100.5856131,13.7131839,1120,169,1,1680023293,1735920674,0
NR,520,5,2660,85352791,347,100.5857734,13.713167,280,21,1,1600779659,1749837124,0
LTE,520,4,15767,170639545,235,100.5579974,13.7309977,642,148,1,1547267662,1746561710,0
NR,520,18,15767,4085387,250,100.5579729,13.7313929,308,171,1,1632327454,1745477469,0
LTE,520,4,15767,58038635,273,100.5580713,13.7313114,612,143,1,1651438861,1743884577,0
LTE,520,18,15767,72622847,318,100.5577967,13.7312026,480,31,1,1530017340,1750863908,0
LTE,520,18,15767,168209332,28,100.5581563,13.7313924,551,64,1,1699679496,1740194829,0
NR,520,18,15767,84080553,362,100.5579902,13.7310739,364,74,1,1567868370,1735387046,0
GSM,520,99,33901,103551256,368,100.5606662,13.7300219,1455,109,1,1600155138,1737495486,0
GSM,520,99,33901,262888260,289,100.5606263,13.7296455,1480,186,1,1529770745,1746015229,0
LTE,520,25,33901,257869207,86,100.5605936,13.7296639,383,73,1,1525506127,1736758009,0
NR,520,5,33901,9497455,472,100.5606458,13.7300058,272,47,1,1687976543,1745282468,0
LTE,520,99,33901,246647998,443,100.5607065,13.729748,537,168,1,1526172437,1745135360,0
LTE,520,99,33901,181587247,389,100.5606652,13.7300002,446,52,1,1536771458,1749871938,0
LTE,520,4,59081,153895556,52,100.5625064,13.7288442,357,155,1,1678943100,1744653205,0
NR,520,4,59081,3097497,501,100.5627096,13.7287159,388,190,1,1533939623,1739570626,0
LTE,520,4,59081,205126775,60,100.5626354,13.7285468,487,175,1,1578998207,1736267043,0
GSM,520,18,59017,120481040,350,100.5653678,13.7272864,1245,180,1,1570509653,1751931654,0
LTE,520,4,59017,66514094,162,100.5650657,13.7270833,604,2,1,1571326801,1750778260,0
LTE,520,5,59017,110300601,356,100.5652018,13.7270176,607,116,1,1598345356,1742692639,0
UMTS,520,18,59017,260494038,165,100.5652147,13.7272255,1036,188,1,1637542908,1752898481,0
GSM,520,4,18915,237725139,95,100.5673385,13.7260256,1481,88,1,1513219006,1748378311,0
LTE,520,99,18915,102733017,313,100.566934,13.7262124,590,171,1,1686742836,1749066563,0
GSM,520,4,18915,185928104,36,100.5671385,13.725876,910,107,1,1654560398,1751579880,0
LTE,520,4,18915,164220879,419,100.5671564,13.7258544,469,149,1,1627411435,1751149571,0
LTE,520,4,6263,164156432,118,100.5696045,13.7246611,686,19,1,1636398992,1743308714,0
UMTS,520,18,6263,90286140,148,100.5696571,13.7249,669,196,1,1668257336,1749691415,0
LTE,520,18,6263,69696757,112,100.569566,13.724743,386,163,1,1594082196,1739424833,0
LTE,520,4,6263,157169397,255,100.5697476,13.7246937,577,114,1,1640876597,1739685546,0
LTE,520,4,6263,220426112,500,100.5693705,13.7248408,671,5,1,1625317166,1754576727,0
LTE,520,5,6263,111230187,256,100.5694368,13.7247124,682,196,1,1605592643,1753542822,0
NR,520,4,54174,137291344,310,100.571899,13.7234191,223,147,1,1502717057,1747856888,0
LTE,520,5,54174,192069918,485,100.571774,13.7236281,646,123,1,1651285327,1748177395,0
UMTS,520,99,54174,197313671,195,100.5717419,13.723524,788,168,1,1535378262,1739095082,0
LTE,520,4,54174,234471228,364,100.5718858,13.7231839,688,52,1,1659091960,1750253041,0
LTE,520,4,54174,140452826,398,100.5718479,13.7234033,374,39,1,1641368548,1738811318,0
NR,520,4,54174,100939959,65,100.5718823,13.723465,390,59,1,1649305184,1752824616,0
NR,520,4,44772,220287112,497,100.5741129,13.7219775,303,39,1,1655194925,1742892345,0
GSM,520,4,44772,250570198,142,100.5742515,13.721997,1228,93,1,1613719971,1740570306,0
LTE,520,5,44772,49817463,77,100.5739634,13.7217901,432,149,1,1696453772,1753732534,0
LTE,520,4,44772,122621728,437,100.5740604,13.7218829,664,28,1,1582104410,1747053646,0
UMTS,520,99,44772,70409202,48,100.5742584,13.7220596,781,57,1,1597629776,1752412407,0
LTE,520,99,60254,88736679,285,100.576475,13.7210451,427,68,1,1553489892,1736678831,0
LTE,520,18,60254,71578620,147,100.5765523,13.7207696,505,35,1,1521001145,1747836448,0
LTE,520,18,60254,85460044,449,100.5766016,13.7207897,624,134,1,1524181930,1750293910,0
NR,520,5,60254,223666745,196,100.5765356,13.7205642,377,140,1,1542244215,1751116227,0
UMTS,520,18,14230,160030501,204,100.5788531,13.7193529,1209,185,1,1676251004,1740208399,0
LTE,520,18,14230,216827380,221,100.5786063,13.7194503,406,178,1,1530316555,1749894943,0
NR,520,4,14230,127678907,135,100.5788794,13.7198272,216,39,1,1656368882,1741234462,0
LTE,520,5,45767,137839980,46,100.5809636,13.7182042,602,133,1,1557192425,1740023028,0
LTE,520,99,45767,15028173,464,100.5807792,13.7182941,597,47,1,1668775512,1743381009,0
LTE,520,18,45767,230441114,255,100.5812851,13.7185071,360,102,1,1578719610,1736379642,0
NR,520,99,45767,76358064,49,100.5806536,13.7182214,263,123,1,1658290243,1742525921,0
UMTS,520,4,55324,39843821,433,100.5834101,13.7173177,1012,176,1,1663383531,1745357110,0
UMTS,520,4,55324,159520457,502,100.5832735,13.7169497,1080,43,1,1518566551,1740247477,0
NR,520,99,55324,166853101,10,100.5834908,13.7170346,233,198,1,1642297353,1741518193,0
NR,520,99,55324,253165630,198,100.5835504,13.7170367,342,175,1,1529802138,1743589462,0
NR,520,4,55324,250109190,272,100.5834684,13.7172289,264,154,1,1500421384,1738365681,0
UMTS,520,4,55324,52553821,400,100.583457,13.7171889,999,104,1,1681034535,1752542943,0
UMTS,520,99,56016,16050615,481,100.5854019,13.7156104,774,67,1,1624423937,1737707970,0
NR,520,4,56016,70992241,101,100.5855313,13.7159548,340,172,1,1503075533,1747616420,0
LTE,520,4,56016,206102154,370,100.5852393,13.7157122,698,47,1,1611906511,1754019505,0
NR,520,4,56016,47930975,410,100.5855667,13.7158227,403,113,1,1613498359,1751204015,0
LTE,520,99,56016,263223574,277,100.5859387,13.7155858,664,168,1,1598392181,1753278834,0
LTE,520,5,56016,28442174,302,100.5856102,13.7158255,417,81,1,1513937522,1736870640,0
NR,520,4,3217,224051172,315,100.5583673,13.7336844,380,171,1,1652465799,1749360729,0
LTE,520,18,3217,256009635,368,100.5580528,13.733761,414,189,1,1522730480,1736204913,0
UMTS,520,18,3217,194209776,110,100.5582097,13.7334877,1239,78,1,1579310004,1745744286,0
LTE,520,18,3217,66415843,282,100.5584589,13.7336032,365,11,1,1612071804,1738055695,0
NR,520,99,3217,109202623,323,100.5579882,13.7338228,214,41,1,1549255290,1742628236,0
UMTS,520,18,30940,88795141,363,100.5605602,13.7324447,832,44,1,1548541773,1743786048,0
LTE,520,18,30940,46660278,134,100.5600532,13.732511,686,26,1,1505482982,1747894221,0
LTE,520,5,30940,197047296,295,100.5605733,13.7322055,668,103,1,1672807147,1741567766,0
LTE,520,4,30940,256982832,60,100.5603003,13.7325825,558,161,1,1668979072,1743729615,0
LTE,520,18,30940,160939761,307,100.5603449,13.73247,510,193,1,1592291837,1737694437,0
UMTS,520,25,30940,204348593,96,100.5603129,13.7324579,960,111,1,1616699404,1736902584,0
UMTS,520,18,12533,259642299,298,100.5624183,13.730873,674,104,1,1586247669,1737225936,0
LTE,520,4,12533,98393182,38,100.5627547,13.7309809,388,197,1,1631264122,1753801699,0
NR,520,5,12533,180600409,70,100.5626672,13.7313169,227,148,1,1549217018,1739236224,0
NR,520,4,12533,187035575,217,100.5626575,13.7311456,385,66,1,1632128003,1740650623,0
LTE,520,99,12533,119504402,84,100.5627043,13.7312399,592,173,1,1668742238,1754611544,0
NR,520,99,12533,33626370,424,100.5627691,13.7312745,228,150,1,1594844657,1754817344,0
NR,520,5,62231,15511145,161,100.5652214,13.7305024,296,182,1,1508503024,1751687036,0
LTE,520,4,62231,47383607,217,100.5649964,13.729812,406,52,1,1665597078,1740610823,0
LTE,520,4,62231,261571661,491,100.5650957,13.7301568,588,15,1,1649923879,1741076732,0
LTE,520,4,62231,125985877,435,100.5652861,13.7299547,548,38,1,1547118617,1738330012,0
NR,520,5,62231,55925465,160,100.5650034,13.7301446,401,93,1,1547584289,1745766156,0
NR,520,18,55054,168429004,247,100.5675067,13.7285291,362,116,1,1536412644,1751685688,0
UMTS,520,18,55054,86520725,57,100.5673015,13.7284168,694,116,1,1556951866,1750138640,0
NR,520,4,55054,234487524,28,100.5668866,13.7288879,224,24,1,1545666632,1742213401,0
LTE,520,4,23506,218823086,159,100.569521,13.7272913,637,88,1,1530147904,1753380330,0
UMTS,520,5,23506,159824764,295,100.5697181,13.7272782,1231,66,1,1516289325,1746228677,0
LTE,520,18,23506,138226874,96,100.5697481,13.727413,386,48,1,1557572070,1746081402,0
LTE,520,5,23506,227853335,171,100.5696647,13.7271746,658,1,1,1576953742,1739807810,0
NR,520,18,23506,177351924,193,100.5695397,13.7273838,321,23,1,1547004634,1736898826,0
NR,520,25,14737,190116055,73,100.5723205,13.7258571,318,166,1,1588274971,1739674697,0
NR,520,5,14737,101853661,382,100.5718615,13.7256683,352,116,1,1591151892,1753556135,0
UMTS,520,25,14737,34293468,227,100.5720635,13.7261251,1122,178,1,1558866665,1740524143,0
LTE,520,4,14737,162866056,451,100.571904,13.7257205,430,85,1,1669077828,1752235493,0
LTE,520,99,20894,55997956,109,100.5741611,13.7246962,563,137,1,1539872915,1749891714,0
NR,520,18,20894,66655868,240,100.5742479,13.7249185,218,127,1,1665587903,1740476937,0
LTE,520,99,20894,2800616,98,100.5741635,13.7252546,593,121,1,1662246841,1735555013,0
UMTS,520,5,20894,15418188,457,100.5741473,13.7249621,1126,59,1,1526754782,1736499192,0
LTE,520,18,20894,171644537,275,100.574235,13.7250029,368,13,1,1585995507,1744444946,0
GSM,520,5,20894,100741849,204,100.5743953,13.7250458,920,153,1,1527461231,1751340356,0
LTE,520,5,43967,170615250,210,100.5764468,13.7234873,367,168,1,1517422973,1741191400,0
UMTS,520,4,43967,117848044,143,100.5763911,13.723766,1198,165,1,1680394511,1748499360,0
NR,520,5,43967,208181212,181,100.5760104,13.7237242,260,73,1,1513061122,1753736635,0
NR,520,4,44422,206668472,270,100.5790467,13.7223242,346,186,1,1573816639,1746122217,0
LTE,520,99,44422,140610852,262,100.5787336,13.7222557,453,27,1,1580310360,1754413752,0
LTE,520,25,44422,144042033,183,100.5786461,13.7225186,536,147,1,1558992772,1748738934,0
NR,520,25,44422,251032906,240,100.5783158,13.7224997,252,186,1,1574721834,1746882976,0
NR,520,4,6844,240344252,89,100.581358,13.7206146,219,163,1,1534499374,1752300085,0
UMTS,520,4,6844,20106664,266,100.5809974,13.7209866,686,115,1,1677408950,1753136064,0
NR,520,5,6844,49296151,328,100.5811033,13.720954,218,183,1,1539086525,1740082417,0
LTE,520,5,6844,79429123,287,100.5811376,13.7206093,603,52,1,1640956568,1748112478,0
LTE,520,18,41649,82371038,237,100.5831845,13.7197628,420,191,1,1562414734,1751282107,0
NR,520,99,41649,117853523,464,100.5831503,13.7197177,294,171,1,1635815988,1754630055,0
NR,520,5,41649,255791163,382,100.5830938,13.7194034,291,48,1,1651469207,1742557140,0
GSM,520,5,41649,35225922,153,100.5829417,13.7195745,1577,190,1,1524048037,1740824446,0
LTE,520,18,39164,114731213,302,100.5858864,13.7185616,595,85,1,1679116283,1740525870,0
LTE,520,18,39164,238456330,249,100.585516,13.7181913,624,141,1,1521809022,1737817810,0
NR,520,4,39164,106535970,420,100.5853406,13.7181213,290,9,1,1656252881,1750327353,0
NR,520,5,39164,138399005,275,100.5853721,13.7183332,387,79,1,1569022720,1735208302,0
LTE,520,5,39164,79282640,142,100.5856435,13.7187105,697,150,1,1580031291,1746515939,0
NR,520,18,39164,61150580,224,100.5858918,13.7182544,414,138,1,1683502999,1737736843,0
NR,520,4,59672,157654057,158,100.5881016,13.7170864,232,121,1,1667416225,1750196271,0
LTE,520,18,59672,44210096,321,100.5879288,13.7169936,691,85,1,1551496100,1742050900,0
NR,520,4,59672,91593060,417,100.5879492,13.71707,311,142,1,1544430754,1740465357,0
UMTS,520,4,59672,169647006,447,100.587972,13.7171805,633,186,1,1545242017,1736077212,0
LTE,520,99,59672,81379918,355,100.5879215,13.7168822,501,28,1,1672302157,1744224517,0
LTE,520,4,35510,72223167,138,100.5580891,13.7363035,657,186,1,1572370098,1744334561,0
NR,520,18,35510,27475389,66,100.5578707,13.7360525,268,122,1,1612207828,1754723052,0
NR,520,18,35510,11832168,113,100.5581269,13.736379,402,109,1,1601743531,1741647615,0
NR,520,5,35510,45689627,209,100.5578791,13.7361721,295,8,1,1589030289,1735325217,0
NR,520,18,5511,48510093,185,100.5606016,13.7349533,395,189,1,1621847903,1749098272,0
LTE,520,5,5511,166689760,232,100.5599613,13.7349266,421,175,1,1577209572,1744572451,0
LTE,520,18,5511,199909222,316,100.5603927,13.7350697,660,48,1,1684306306,1740504702,0
UMTS,520,4,21666,110529409,426,100.5628732,13.7339496,772,3,1,1543412877,1754805401,0
UMTS,520,4,21666,202018153,403,100.5629407,13.7339522,895,28,1,1646201901,1745058255,0
NR,520,4,21666,260957126,136,100.5625973,13.734189,249,26,1,1687254545,1744687600,0
LTE,520,5,21666,100218553,156,100.5628351,13.73396,482,129,1,1541084496,1743065944,0
LTE,520,99,21666,193642481,434,100.5627769,13.7342398,578,53,1,1637112243,1744976016,0
LTE,520,99,23981,64844661,277,100.5651075,13.7325179,631,164,1,1580279303,1743721126,0
NR,520,4,23981,108126885,486,100.5650076,13.732623,394,73,1,1532991283,1735968451,0
UMTS,520,4,23981,206349053,192,100.5651783,13.7326061,1188,124,1,1511676004,1749459087,0
LTE,520,18,23981,234658285,66,100.5649479,13.7325033,475,73,1,1535602917,1746196060,0
UMTS,520,18,12966,181492383,449,100.5672209,13.7310349,1043,134,1,1608679900,1735023455,0
UMTS,520,4,12966,71202140,295,100.567345,13.7310377,1106,155,1,1558584818,1753690524,0
NR,520,99,12966,253719034,177,100.5673782,13.7312098,344,3,1,1608435398,1743522737,0
LTE,520,4,28867,229047033,449,100.5700862,13.7299722,412,116,1,1693535503,1746913717,0
LTE,520,5,28867,230930559,389,100.5699561,13.7303954,640,162,1,1660966589,1739030132,0
UMTS,520,4,28867,88186024,151,100.5696433,13.730246,896,16,1,1595802051,1740382299,0
UMTS,520,99,28867,125716374,289,100.5699416,13.7300703,755,131,1,1500075192,1743009581,0
NR,520,4,28867,78007328,195,100.5696904,13.7296534,262,2,1,1608008384,1740410032,0
NR,520,4,24077,220408518,101,100.571788,13.7285281,296,27,1,1553439882,1744794679,0
UMTS,520,4,24077,222293692,214,100.5717937,13.728597,1151,74,1,1519393083,1742591660,0
LTE,520,99,24077,105714002,86,100.5720708,13.728551,497,19,1,1613565736,1736928087,0
LTE,520,5,24077,134722761,182,100.5721954,13.7286509,408,136,1,1668767824,1746163647,0
LTE,520,5,10245,198895205,236,100.5740803,13.7273257,680,151,1,1560956560,1746341052,0
NR,520,4,10245,194236864,413,100.5742459,13.7275658,253,40,1,1522688048,1736743896,0
NR,520,18,10245,94564219,456,100.5738079,13.7274449,335,183,1,1664019603,1750115096,0
LTE,520,18,62322,251912147,117,100.5764162,13.7259203,609,125,1,1566523932,1747335923,0
NR,520,99,62322,174892092,6,100.5764874,13.7262559,248,138,1,1527953541,1736961448,0
NR,520,99,62322,53930991,317,100.5764152,13.7260794,363,135,1,1613865779,1751145230,0
UMTS,520,18,62322,97460215,45,100.5765641,13.7259053,1155,158,1,1646468123,1754736245,0
GSM,520,18,62322,249067633,12,100.5766093,13.7260055,872,29,1,1592832936,1750837680,0
LTE,520,18,47016,238236398,238,100.5788112,13.7249189,533,1,1,1551719730,1745085665,0
UMTS,520,4,47016,173857629,271,100.5786639,13.7247876,1075,175,1,1529054996,1752164278,0
UMTS,520,0,47016,254053050,474,100.5788453,13.7247391,1184,134,1,1560083117,1739029545,0
LTE,520,99,47016,184697078,46,100.5788235,13.7248941,575,110,1,1607171699,1740169323,0
NR,520,4,47016,200762324,17,100.5789503,13.7247694,371,186,1,1511785751,1742675123,0
LTE,520,99,47016,247539496,352,100.5789146,13.7249404,590,108,1,1638686111,1742530087,0
NR,520,18,40107,136534739,254,100.5812449,13.7232892,360,169,1,1589470854,1738365180,0
LTE,520,0,40107,232097644,317,100.5814402,13.7234944,356,78,1,1578734031,1741213180,0
LTE,520,99,40107,188975386,178,100.5813182,13.7234447,481,137,1,1527080260,1738487681,0
LTE,520,18,40107,35471786,2,100.5811909,13.7234552,369,8,1,1698771072,1738214154,0
NR,520,18,40107,149417724,102,100.5808978,13.7232601,262,118,1,1653816940,1750534170,0
LTE,520,5,14036,268247079,152,100.5831152,13.722098,402,153,1,1620634735,1751236536,0
LTE,520,18,14036,206903144,170,100.5834745,13.7224621,445,106,1,1588632121,1738982519,0
GSM,520,4,14036,159816752,204,100.5832305,13.7220042,855,118,1,1673249502,1752943901,0
UMTS,520,0,7136,110617411,14,100.5856022,13.7208519,1164,149,1,1557790135,1738944753,0
UMTS,520,4,7136,132383883,108,100.5856541,13.720421,716,59,1,1688422055,1750190875,0
UMTS,520,4,7136,34433491,265,100.5859573,13.721015,688,197,1,1573490056,1752223424,0
UMTS,520,5,19690,140801081,81,100.5880378,13.719554,886,101,1,1505260404,1741127412,0
NR,520,4,19690,182966412,267,100.5880318,13.7197825,278,25,1,1521762402,1735507862,0
LTE,520,18,19690,261134688,125,100.588124,13.719747,625,110,1,1555785012,1738325139,0
LTE,520,4,19690,89136154,69,100.5879588,13.7195024,497,65,1,1524076431,1740161053,0
UMTS,520,18,19690,41558342,418,100.5881143,13.7196954,767,83,1,1665759073,1749606977,0
LTE,520,4,19690,254577267,143,100.5879214,13.7194736,377,46,1,1533760830,1747275754,0
UMTS,520,5,61402,76241701,332,100.5904249,13.7181232,1232,70,1,1637644877,1745387861,0
NR,520,4,61402,187042173,257,100.5903744,13.7181765,418,186,1,1515864289,1747101247,0
LTE,520,4,61402,98902609,98,100.5902134,13.7182056,381,115,1,1629477736,1743347433,0
LTE,520,4,41410,16934441,203,100.5604123,13.7374489,653,82,1,1676338124,1742815801,0
LTE,520,5,41410,17254181,85,100.5600876,13.7376907,418,144,1,1592520676,1739305744,0
NR,520,5,41410,259729472,258,100.560121,13.7374332,327,37,1,1531293185,1748497964,0
NR,520,99,41410,150915347,493,100.5602974,13.7377125,326,126,1,1556416052,1738378394,0
NR,520,99,41410,37121165,254,100.5602411,13.7377228,415,132,1,1664758053,1746566422,0
NR,520,99,41410,14318392,89,100.5603051,13.7375378,356,74,1,1666299193,1747509216,0
LTE,520,5,1775,40876890,73,100.5630732,13.7362846,699,54,1,1562234247,1742227572,0
LTE,520,99,1775,197999215,65,100.5629514,13.7364208,465,50,1,1526660485,1750753057,0
NR,520,4,1775,69083050,102,100.562911,13.7363311,216,115,1,1592044894,1754196038,0
LTE,520,18,1775,97721168,172,100.562792,13.7366947,504,195,1,1625364347,1742917250,0
LTE,520,18,1775,122708872,255,100.5628452,13.7362453,529,120,1,1564442320,1743230568,0
NR,520,99,1775,199118559,472,100.5628971,13.7364317,231,136,1,1661108017,1749949418,0
UMTS,520,5,46726,106496886,149,100.5649064,13.7349773,946,24,1,1699954606,1750352177,0
LTE,520,18,46726,77450175,58,100.5648845,13.7351311,451,44,1,1568867516,1750047091,0
LTE,520,99,46726,76712046,360,100.5650514,13.7348457,372,22,1,1628797610,1754019934,0
LTE,520,0,46726,256619441,333,100.5652092,13.7349516,381,24,1,1514187557,1753103802,0
LTE,520,4,41699,34167286,161,100.5673858,13.7337116,467,62,1,1601131084,1744719386,0
NR,520,4,41699,248744048,465,100.5668462,13.7339624,211,112,1,1511497306,1750181829,0
UMTS,520,18,41699,26613153,23,100.5675374,13.733725,857,18,1,1654388730,1741629264,0
LTE,520,5,41699,186945515,240,100.5671517,13.7339867,478,120,1,1639539764,1752268203,0
LTE,520,18,52299,191252572,146,100.569629,13.7327708,551,172,1,1690601046,1743445572,0
NR,520,99,52299,182012349,7,100.5694955,13.7324846,338,76,1,1552728966,1739022774,0
LTE,520,5,52299,67681521,360,100.5694644,13.7327119,409,190,1,1605704328,1739751709,0
NR,520,18,52299,142563305,351,100.5693478,13.7326101,400,2,1,1688173860,1740350491,0
UMTS,520,5,6344,93042255,425,100.57194,13.7310504,1059,50,1,1599040302,1748890581,0
UMTS,520,5,6344,209933838,18,100.5723713,13.7313452,753,71,1,1615052763,1746589511,0
LTE,520,4,6344,113793383,252,100.5724672,13.7312836,513,152,1,1646406127,1752554740,0
NR,520,18,6344,77102184,147,100.5722451,13.7310585,284,141,1,1572247260,1737959823,0
LTE,520,4,6344,48054067,287,100.5720052,13.7314249,439,66,1,1524535270,1738123100,0
LTE,520,4,6344,178813893,216,100.5721514,13.7310526,585,91,1,1593994648,1749022500,0
LTE,520,18,3588,83400885,291,100.5737776,13.7299517,427,50,1,1553151081,1741885000,0
NR,520,99,3588,103493275,327,100.5741025,13.730017,383,192,1,1548577460,1743789925,0
NR,520,18,3588,179193177,121,100.5740771,13.7296061,287,42,1,1555659089,1745890733,0
UMTS,520,4,3588,229269019,475,100.5739466,13.729764,659,9,1,1628423555,1754096451,0
NR,520,4,3588,7323938,347,100.5740697,13.7293857,264,131,1,1686599284,1736498290,0
LTE,520,4,11920,164415060,220,100.5767029,13.7284287,638,197,1,1599525997,1744365467,0
NR,520,99,11920,144823231,447,100.5766958,13.7283874,216,92,1,1674581318,1747097587,0
LTE,520,18,11920,50888909,47,100.5765635,13.7282915,580,99,1,1640761439,1753764779,0
LTE,520,4,43703,159121484,90,100.5787372,13.7273129,375,134,1,1605033253,1738940210,0
LTE,520,99,43703,151590278,293,100.5786366,13.7275852,632,132,1,1624817108,1754787252,0
LTE,520,18,43703,137781689,441,100.578506,13.7271752,660,95,1,1664250000,1736090705,0
LTE,520,99,43703,144078238,12,100.5787542,13.7273941,353,103,1,1615393556,1743501842,0
NR,520,4,52784,150683792,451,100.5807981,13.7258914,284,111,1,1553847820,1741865339,0
LTE,520,4,52784,170901057,180,100.5809849,13.7258693,407,140,1,1566974011,1737381445,0
GSM,520,4,52784,187752779,308,100.5808064,13.725672,852,21,1,1654007541,1752680475,0
LTE,520,5,15339,129946085,252,100.5836386,13.7248292,459,11,1,1563650665,1747741281,0
NR,520,0,15339,54964643,6,100.5833535,13.7247458,226,71,1,1686030390,1746896417,0
GSM,520,4,15339,242859193,136,100.5833645,13.7248184,1611,6,1,1649674436,1749613956,0
LTE,520,4,31643,52113355,71,100.5856892,13.7234682,535,18,1,1664404644,1739261985,0
NR,520,18,31643,160620470,50,100.5858148,13.7235668,288,155,1,1615254785,1739708575,0
LTE,520,4,31643,244769749,159,100.5857229,13.7229992,470,31,1,1584961472,1739980048,0
LTE,520,99,31643,219300157,286,100.5854834,13.7231897,585,167,1,1530503042,1736528399,0
LTE,520,18,31643,142753822,227,100.5858915,13.7231095,539,47,1,1538163537,1746711831,0
UMTS,520,4,21618,11656937,245,100.5882134,13.7219668,1086,194,1,1530575510,1738185044,0
NR,520,18,21618,39751266,327,100.5882588,13.7218421,391,48,1,1663202895,1742234052,0
LTE,520,4,21618,250105238,280,100.588076,13.7221176,642,164,1,1622084557,1739487786,0
LTE,520,99,26532,262245106,429,100.5903943,13.7207488,464,27,1,1690623601,1737753172,0
NR,520,18,26532,216214474,300,100.5903345,13.72089,303,106,1,1528187609,1736922306,0
UMTS,520,5,26532,126124450,258,100.5901279,13.7205555,1022,110,1,1578512354,1738979448,0
LTE,520,4,26532,122606076,129,100.5904868,13.720878,554,143,1,1599960073,1741667109,0
LTE,520,4,26532,241987679,485,100.5902656,13.7206535,509,58,1,1562756960,1748757356,0
LTE,520,5,26532,51348299,457,100.5903306,13.7209874,676,2,1,1614357837,1754536241,0
LTE,520,18,62669,63188463,175,100.5626817,13.7389074,366,90,1,1621926267,1748997510,0
LTE,520,99,62669,73355050,69,100.5628836,13.7388715,455,141,1,1620191100,1747578731,0
LTE,520,5,62669,71755702,486,100.5625425,13.739246,373,85,1,1512951628,1735338630,0
LTE,520,4,62669,12848821,325,100.5627092,13.7390868,606,11,1,1583401089,1752436616,0
LTE,520,4,62669,134419254,258,100.5625658,13.7389664,397,6,1,1675985977,1749485340,0
LTE,520,18,62669,260027468,402,100.562788,13.7390983,393,175,1,1559164390,1741083947,0
UMTS,520,4,9119,80020556,487,100.5649782,13.7377048,1117,100,1,1599618608,1735921837,0
NR,520,99,9119,154102107,222,100.5649851,13.7375799,294,84,1,1607543749,1739031076,0
NR,520,99,9119,167694452,246,100.5648637,13.7380399,266,133,1,1609101229,1737944045,0
LTE,520,4,9119,74414277,347,100.5652348,13.7378209,564,19,1,1576562313,1741555207,0
LTE,520,99,9119,124527841,332,100.5649505,13.7378164,413,114,1,1679952119,1752085283,0
LTE,520,18,9119,122907892,297,100.5651572,13.7376172,448,99,1,1509029358,1741512148,0
UMTS,520,5,9295,81581870,257,100.5668907,13.7364539,837,162,1,1501200714,1746380095,0
LTE,520,4,9295,243026956,120,100.5669764,13.7365773,428,42,1,1634514398,1736964317,0
LTE,520,18,9295,67506414,182,100.5672958,13.7365254,544,45,1,1500551846,1738520554,0
LTE,520,99,9295,52967702,221,100.5670399,13.7363451,374,19,1,1504134302,1753291269,0
LTE,520,5,9295,226149425,66,100.5671667,13.7365067,519,39,1,1536628128,1745967783,0
LTE,520,18,52006,24188675,71,100.5699783,13.7349406,540,51,1,1638690774,1746513792,0
LTE,520,18,52006,196774374,169,100.5699375,13.7350514,680,73,1,1635779279,1735267845,0
UMTS,520,4,52006,251527715,144,100.5698877,13.7353729,1170,190,1,1668234201,1736045773,0
LTE,520,5,35584,104614589,214,100.5718787,13.7341053,350,165,1,1613929690,1749646313,0
LTE,520,99,35584,190766213,33,100.5718971,13.7337708,476,164,1,1581706520,1742154265,0
LTE,520,99,35584,1044703,188,100.5719641,13.733745,423,98,1,1545138405,1754382044,0
LTE,520,18,35584,217838968,65,100.5718237,13.7338226,423,2,1,1556644093,1742438754,0
UMTS,520,18,35584,16757826,218,100.5714263,13.7338068,804,99,1,1699687075,1745624619,0
LTE,520,4,35584,152542434,370,100.5720231,13.733689,407,131,1,1699215902,1751430726,0
LTE,520,18,54515,73189130,295,100.5745583,13.732427,436,179,1,1549471757,1751187839,0
LTE,520,18,54515,32326824,188,100.5742688,13.73233,595,85,1,1505287270,1747010266,0
LTE,520,18,54515,187131697,49,100.5743312,13.7321406,642,105,1,1662020886,1738268144,0
LTE,520,4,30645,145164580,324,100.5762474,13.731398,650,133,1,1641318075,1753688716,0
LTE,520,5,30645,90283083,193,100.5766835,13.7313297,396,101,1,1674609066,1752365843,0
LTE,520,18,30645,195605012,460,100.5765323,13.7308814,430,158,1,1517443764,1746816801,0
NR,520,18,30645,137871992,334,100.5766973,13.7311939,233,163,1,1551601526,1740667460,0
LTE,520,5,30645,42681533,120,100.5766421,13.731353,607,196,1,1698559552,1745219928,0
UMTS,520,99,38064,85579570,278,100.5786135,13.7296472,684,113,1,1522571777,1743620360,0
NR,520,4,38064,142129747,42,100.5787979,13.7299686,224,16,1,1656221796,1735492606,0
GSM,520,99,38064,785932,39,100.5791584,13.7297324,937,1,1,1679684392,1741373678,0
LTE,520,99,11886,23571108,127,100.5812445,13.7285863,648,166,1,1663834840,1742189383,0
LTE,520,4,11886,86874399,106,100.5812775,13.7285727,500,16,1,1655438015,1742091837,0
UMTS,520,4,11886,107141375,325,100.581234,13.728441,1148,38,1,1664926974,1747332027,0
LTE,520,4,11886,226967338,470,100.5809671,13.7286228,624,24,1,1504367011,1735946362,0
NR,520,5,12564,206844965,22,100.5835111,13.7273878,379,28,1,1557257305,1748207144,0
LTE,520,4,12564,207544891,135,100.5834351,13.7275364,536,112,1,1502875990,1746942302,0
LTE,520,4,12564,235383448,135,100.5835551,13.7272937,674,125,1,1688590897,1740337244,0
LTE,520,4,12564,12559290,224,100.5834751,13.7273994,361,16,1,1559455499,1737513268,0
NR,520,4,12564,2740458,135,100.5833677,13.7273257,355,79,1,1690389615,1739551004,0
LTE,520,4,25992,150342519,198,100.5858307,13.7261091,419,129,1,1690399620,1743454597,0
UMTS,520,18,25992,264886523,294,100.5855934,13.7262747,989,46,1,1544476086,1749956233,0
LTE,520,18,25992,172125389,350,100.5857327,13.7261506,592,175,1,1670936520,1754164663,0
LTE,520,4,20085,174044097,92,100.5880174,13.7244866,442,67,1,1558805242,1739783333,0
LTE,520,99,20085,230308448,166,100.5880059,13.7243527,367,190,1,1557054062,1736389192,0
LTE,520,4,20085,237587236,306,100.5881438,13.7247984,415,42,1,1607813753,1741437538,0
LTE,520,4,25147,227236865,160,100.5904613,13.7235827,688,169,1,1628182862,1741565814,0
NR,520,4,25147,68530503,2,100.5904564,13.7233552,224,24,1,1591732740,1739704006,0
GSM,520,5,25147,10297200,220,100.5901264,13.7235534,1584,84,1,1645908569,1749256576,0
LTE,520,4,25147,141923224,177,100.5903804,13.7237353,378,11,1,1684990475,1744790378,0
LTE,520,18,11587,144963791,7,100.5625867,13.7412349,407,195,1,1506631103,1740258071,0
NR,520,4,11587,116500171,158,100.5625588,13.7416781,355,179,1,1672003454,1737733235,0
LTE,520,18,11587,237247847,372,100.5626252,13.7413869,643,46,1,1621687424,1749265837,0
LTE,520,4,11587,257862185,229,100.5628997,13.7413349,565,153,1,1686140919,1752430558,0
LTE,520,4,21212,253979575,220,100.5652437,13.7404475,641,76,1,1667244068,1745659381,0
NR,520,18,21212,14719028,189,100.5647801,13.7402718,313,133,1,1668722628,1736975821,0
LTE,520,4,21212,249438302,22,100.5648552,13.7401915,616,193,1,1608372937,1742361352,0
UMTS,520,18,21212,26130492,292,100.5646653,13.7403474,1226,197,1,1579671606,1739643606,0
LTE,520,5,20949,171855845,294,100.5674845,13.738521,548,165,1,1558694504,1753288165,0
NR,520,99,20949,191265072,319,100.5674291,13.7387783,279,34,1,1674590670,1735971947,0
NR,520,4,20949,105163212,55,100.5673882,13.7386831,286,172,1,1554555487,1744636084,0
NR,520,18,20949,42154884,443,100.5675328,13.7389817,276,170,1,1636784984,1737160036,0
UMTS,520,99,27480,97206474,50,100.5695243,13.7372736,1248,184,1,1534271107,1739827005,0
NR,520,4,27480,37832798,375,100.5693925,13.7374267,389,193,1,1558686173,1743298197,0
NR,520,4,27480,31123696,495,100.5691778,13.737803,302,155,1,1500764512,1751755650,0
NR,520,99,27480,91185704,139,100.5693791,13.737574,284,75,1,1625684631,1740959457,0
NR,520,99,27480,156472809,354,100.5694026,13.7371458,354,148,1,1626008822,1740537969,0
LTE,520,4,27480,220966112,104,100.5691427,13.7375128,367,138,1,1534075151,1751488652,0
LTE,520,18,4350,24766583,244,100.5716565,13.7359759,394,81,1,1588023092,1740383948,0
NR,520,18,4350,177225522,332,100.5720538,13.7365755,390,2,1,1517130922,1744814611,0
LTE,520,18,4350,79697698,63,100.5723076,13.7363081,512,12,1,1635466214,1738354015,0
LTE,520,18,4350,60019278,357,100.5719765,13.7361738,480,46,1,1581051681,1745520110,0
NR,520,18,20988,49551303,137,100.5741845,13.7352099,265,175,1,1553166839,1743685283,0
NR,520,4,20988,140182407,408,100.5741796,13.7348247,229,173,1,1698284982,1742056030,0
LTE,520,4,20988,63231862,404,100.5741472,13.7347194,534,14,1,1589278965,1742811467,0
LTE,520,0,39719,166056281,134,100.576681,13.7338706,577,37,1,1585558944,1736882286,0
NR,520,5,39719,141163386,421,100.5765039,13.7337858,263,194,1,1526538262,1742135498,0
LTE,520,5,39719,262936414,161,100.576876,13.7336007,472,130,1,1505420672,1744874977,0
LTE,520,25,19642,12897782,70,100.5788963,13.7324034,362,42,1,1652418392,1751740120,0
LTE,520,4,19642,264655996,100,100.5790471,13.7324077,680,3,1,1538866515,1746548901,0
LTE,520,18,19642,223244555,249,100.5790803,13.7322926,667,186,1,1588315542,1738496686,0
LTE,520,4,47475,20946086,366,100.5810212,13.7310836,611,77,1,1654875729,1749629188,0
LTE,520,4,47475,105973036,467,100.5810304,13.7312687,565,90,1,1609876896,1753334806,0
UMTS,520,5,47475,31671731,355,100.5813844,13.731003,770,131,1,1688138766,1735666034,0
NR,520,99,47475,44036477,367,100.5812454,13.7310043,336,129,1,1632113400,1740080521,0
LTE,520,4,47475,142753032,367,100.5811228,13.7310413,597,57,1,1569363426,1735344752,0
NR,520,25,47475,90232232,204,100.5810598,13.7312009,414,55,1,1686173164,1735328853,0
NR,520,4,58482,56530667,320,100.5835405,13.7296931,299,84,1,1683004513,1743545860,0
NR,520,18,58482,122839208,340,100.5832613,13.7299565,400,39,1,1630935471,1754625932,0
UMTS,520,5,58482,12834118,218,100.5831012,13.7299891,1149,82,1,1654925020,1740596958,0
LTE,520,5,58482,230501504,379,100.5832972,13.7297554,607,22,1,1610857035,1742102354,0
UMTS,520,4,58482,145032743,210,100.5832444,13.7297783,768,31,1,1656195791,1741038365,0
LTE,520,99,49102,261309621,16,100.585405,13.7285035,673,59,1,1567005818,1741054668,0
LTE,520,5,49102,76281972,350,100.5857869,13.7287599,443,188,1,1501750832,1754756438,0
NR,520,18,49102,194209781,474,100.5853327,13.7287928,401,60,1,1571473937,1738358621,0
UMTS,520,4,45514,139549567,29,100.588128,13.7272963,901,25,1,1639794776,1746268901,0
UMTS,520,4,45514,76087120,218,100.5882026,13.7277114,818,74,1,1536162195,1735427369,0
LTE,520,4,45514,225605380,364,100.5880835,13.7273451,504,46,1,1568143054,1750970377,0
LTE,520,99,45514,42674927,323,100.5883746,13.7274297,656,44,1,1520904676,1749083870,0
NR,520,99,45514,123042736,35,100.5885204,13.7270104,349,54,1,1564444300,1752694512,0
LTE,520,18,45514,177661129,64,100.5880201,13.7275708,409,68,1,1597393002,1737492031,0
UMTS,520,4,43997,60762916,481,100.5900319,13.726039,713,158,1,1513721115,1754615213,0
GSM,520,5,43997,206166305,377,100.5897751,13.7260691,1594,104,1,1571262126,1750066756,0
LTE,520,18,43997,240218002,336,100.590067,13.7262398,688,182,1,1695729128,1738184187,0
NR,520,4,43997,224651271,501,100.5901191,13.7262466,372,128,1,1538158832,1752173891,0
UMTS,520,4,43997,232484233,274,100.5899977,13.7260028,1226,68,1,1651518676,1743007590,0
LTE,520,99,43997,117254416,396,100.5901226,13.7260841,486,59,1,1683614745,1746671319,0
LTE,520,18,60153,265984258,122,100.5926805,13.7246567,633,52,1,1635071391,1744522079,0
LTE,520,4,60153,127977590,170,100.5924715,13.7240765,569,14,1,1674892354,1754862973,0
LTE,520,25,60153,260566216,492,100.592696,13.7245824,690,104,1,1536927295,1746974600,0
NR,520,18,60153,193358913,179,100.5924182,13.7246693,312,45,1,1676608327,1749190194,0
NR,520,18,60153,110328046,21,100.5923488,13.7246248,216,94,1,1624109390,1740188766,0
GSM,520,4,20507,224361256,267,100.5649488,13.7428666,1603,109,1,1582572176,1746999559,0
LTE,520,5,20507,18505904,49,100.5650949,13.7430287,547,5,1,1595713401,1745503262,0
NR,520,18,20507,173261970,243,100.565057,13.7428834,340,150,1,1545705882,1748772173,0
LTE,520,4,20507,164062848,491,100.5650114,13.7425713,511,191,1,1676952862,1753063056,0
UMTS,520,99,22274,147614939,458,100.5675072,13.7414317,965,82,1,1518394368,1748052847,0
NR,520,99,22274,265982121,170,100.5672743,13.7412096,396,33,1,1651026407,1746428617,0
NR,520,4,22274,4220864,427,100.5674452,13.7412835,382,15,1,1604217127,1744673941,0
GSM,520,99,22274,67164018,433,100.5676006,13.7413904,1074,69,1,1640951447,1739825316,0
LTE,520,4,22274,68262794,494,100.5673253,13.7415024,498,47,1,1659376795,1744716493,0
NR,520,0,22274,238125304,66,100.5670354,13.7416652,348,184,1,1534484889,1751778418,0
LTE,520,99,37515,159867908,472,100.569539,13.739829,667,17,1,1605022594,1745277675,0
UMTS,520,4,37515,165794302,270,100.5697671,13.7402109,1023,91,1,1665156645,1739292676,0
LTE,520,99,37515,247836999,160,100.5697333,13.7402219,449,60,1,1671569461,1750422310,0
NR,520,18,37515,199756545,323,100.5696756,13.740057,347,81,1,1672332701,1751230703,0
GSM,520,4,37515,78587592,390,100.5696948,13.740095,1121,35,1,1574563872,1745261747,0
LTE,520,18,37515,9139015,303,100.5697478,13.7401661,507,42,1,1531941952,1743893872,0
LTE,520,99,63086,110073592,404,100.5721207,13.7389871,439,58,1,1532611707,1735878538,0
LTE,520,4,63086,26534995,79,100.5718995,13.7388858,357,84,1,1535708870,1753713196,0
LTE,520,5,63086,79311639,345,100.5720361,13.738736,624,94,1,1611036721,1750809757,0
NR,520,99,63086,164327461,263,100.5720244,13.7391717,365,65,1,1647828531,1754580335,0
UMTS,520,4,63086,17711126,166,100.5721948,13.7387793,666,164,1,1529464285,1748431051,0
LTE,520,4,63086,122696998,41,100.5719944,13.7389517,646,44,1,1508594225,1745395410,0
LTE,520,0,47219,88481050,318,100.5738796,13.7376222,641,40,1,1588593953,1741755136,0
LTE,520,5,47219,115422529,469,100.5739481,13.7375907,473,134,1,1658990453,1736180780,0
LTE,520,18,47219,114294741,377,100.5739085,13.7375093,490,4,1,1667701897,1740171415,0
UMTS,520,99,22020,27615711,377,100.5764925,13.7365476,1069,26,1,1605593236,1746769409,0
LTE,520,18,22020,64125616,10,100.5765568,13.7362817,587,93,1,1679420512,1737384562,0
LTE,520,4,22020,166719034,138,100.576524,13.7360459,566,45,1,1650005806,1752084468,0
NR,520,5,53766,121600622,320,100.5790978,13.7349477,225,118,1,1659675549,1742797814,0
LTE,520,25,53766,35201593,275,100.5789668,13.7353068,693,13,1,1655827460,1735332129,0
NR,520,99,53766,117719621,18,100.5791113,13.7350987,222,119,1,1650887334,1738987896,0
UMTS,520,5,53766,141861619,424,100.5785325,13.7353094,1246,45,1,1627874916,1754046439,0
LTE,520,99,53766,9561497,100,100.5787345,13.7351338,612,38,1,1692532026,1752274323,0
LTE,520,4,53766,264041666,36,100.5787273,13.7351816,457,197,1,1583519380,1751950689,0
UMTS,520,18,16151,75667138,386,100.581012,13.7335542,675,176,1,1517526317,1749171651,0
UMTS,520,99,16151,95902194,143,100.5810551,13.7339211,1214,10,1,1564041961,1748198358,0
NR,520,99,16151,246530631,47,100.5811049,13.7337693,362,78,1,1680548590,1748928996,0
UMTS,520,4,54763,45606085,152,100.583274,13.7320534,841,118,1,1564926349,1751069439,0
NR,520,4,54763,8812299,408,100.583578,13.7325435,225,35,1,1604307507,1752553826,0
LTE,520,4,54763,191405160,137,100.583436,13.7325491,424,146,1,1641049608,1751894645,0
NR,520,4,54763,120068248,203,100.5833517,13.7325371,285,13,1,1557068072,1741141450,0
NR,520,18,54763,234548552,442,100.5834148,13.732504,383,190,1,1625014289,1747687265,0
NR,520,5,45462,116158400,183,100.5858956,13.7316126,261,9,1,1684378385,1747866653,0
LTE,520,18,45462,242607339,451,100.5856753,13.7312232,687,134,1,1503709186,1747643826,0
LTE,520,5,45462,75718025,174,100.5856577,13.7316227,527,124,1,1688957944,1751207258,0
NR,520,18,45462,135906618,23,100.5855325,13.7314311,229,1,1,1685116941,1743718989,0
UMTS,520,25,24082,145189926,256,100.5879141,13.729862,1160,110,1,1573830090,1739835841,0
LTE,520,18,24082,207415884,352,100.5879948,13.7300105,496,60,1,1697996795,1744918912,0
NR,520,5,24082,195338035,337,100.5877301,13.7299452,263,137,1,1615770273,1748595431,0
LTE,520,4,15057,63114221,258,100.590287,13.7285962,494,109,1,1668354487,1735131270,0
LTE,520,25,15057,27449253,291,100.590248,13.7285341,596,75,1,1526949405,1754576599,0
LTE,520,18,15057,108100231,162,100.5905239,13.7286421,398,28,1,1557503925,1747287493,0
LTE,520,18,15057,141620394,337,100.5905007,13.7284825,353,110,1,1586352019,1748260226,0
LTE,520,4,27601,138294198,22,100.5923795,13.7273394,639,20,1,1582804000,1736319902,0
LTE,520,25,27601,182884916,353,100.5922856,13.7275901,483,53,1,1669740952,1749047302,0
LTE,520,4,27601,84864238,199,100.5924217,13.7272,401,180,1,1624082075,1751090742,0
NR,520,4,61853,147115481,168,100.5671979,13.7438819,369,158,1,1528979246,1735346064,0
LTE,520,5,61853,120522996,219,100.5670491,13.743924,416,122,1,1538753175,1748967824,0
LTE,520,18,61853,77671638,210,100.5670516,13.7440332,625,138,1,1672897343,1743890941,0
NR,520,99,61853,227806665,373,100.5672255,13.7437962,398,9,1,1504713166,1750833559,0
LTE,520,99,61853,102941135,327,100.5674541,13.7440992,351,93,1,1632870294,1746892821,0
LTE,520,18,56869,179253446,56,100.5698091,13.7429784,514,193,1,1560637907,1738639493,0
UMTS,520,4,56869,61264712,474,100.5695104,13.7430962,980,62,1,1542430296,1740879145,0
LTE,520,4,56869,134369880,96,100.5694083,13.7426009,612,8,1,1502576506,1753496852,0
NR,520,5,52112,98563319,308,100.5715721,13.7416976,398,114,1,1599551661,1746704325,0
UMTS,520,99,52112,266375632,245,100.5719229,13.7414858,679,52,1,1645042768,1749555552,0
NR,520,4,52112,173454153,81,100.5718578,13.7416194,225,146,1,1571787363,1735614579,0
LTE,520,4,52112,148680420,102,100.5719612,13.7413535,354,135,1,1529562483,1753511874,0
LTE,520,5,52112,6876812,464,100.5718444,13.7419081,415,94,1,1626245970,1735965085,0
UMTS,520,99,12159,253847023,375,100.5738419,13.7406804,1147,115,1,1548301131,1735817606,0
NR,520,4,12159,215362770,389,100.5740776,13.7404789,413,109,1,1604959338,1750795033,0
LTE,520,4,12159,137620127,71,100.5741202,13.740469,606,101,1,1562926499,1739929613,0
LTE,520,25,12159,151806895,385,100.5738317,13.7404288,451,155,1,1571000023,1744101400,0
LTE,520,4,18828,75284997,483,100.5763563,13.738927,422,54,1,1556544970,1752092040,0
LTE,520,4,18828,110134508,174,100.5764242,13.7388921,479,107,1,1631439621,1748531450,0
NR,520,4,18828,219942394,207,100.5762566,13.7389894,384,10,1,1501948271,1753492322,0
LTE,520,4,18828,145380964,179,100.5761021,13.7388231,648,157,1,1600100209,1754348782,0
LTE,520,4,18828,52353377,456,100.5763351,13.7389167,575,159,1,1530969787,1754437111,0
NR,520,5,18828,28340647,239,100.5764898,13.7388306,271,38,1,1607827526,1737017962,0
LTE,520,5,64970,23426023,326,100.5788424,13.7376755,611,198,1,1681384665,1744458614,0
LTE,520,18,64970,66473461,64,100.5786996,13.7377692,480,74,1,1662387451,1745051073,0
NR,520,18,64970,44630407,57,100.5786447,13.7379824,389,197,1,1549380398,1746218504,0
NR,520,99,64970,68619961,120,100.5786404,13.7381776,233,83,1,1628265310,1740765303,0
UMTS,520,0,64970,74246955,7,100.5786367,13.7378015,1082,77,1,1505130111,1746343732,0
LTE,520,0,29527,110795652,160,100.5809987,13.7363826,612,22,1,1535830899,1737570086,0
LTE,520,4,29527,79288166,74,100.580922,13.7364207,580,75,1,1575531510,1737189774,0
GSM,520,5,29527,148392211,214,100.5812441,13.7364661,1220,101,1,1683838532,1752012210,0
UMTS,520,5,29527,157478423,4,100.5814601,13.7363713,781,133,1,1655383939,1743541019,0
NR,520,18,43424,229915539,20,100.583497,13.7347106,312,133,1,1545255740,1742050742,0
NR,520,4,43424,182635218,418,100.5836486,13.7350821,308,60,1,1589996663,1752907965,0
LTE,520,4,43424,108028756,352,100.583591,13.7348837,648,100,1,1630400445,1740832843,0
UMTS,520,25,43424,57223244,365,100.583348,13.7346944,1066,7,1,1594613308,1754835108,0
UMTS,520,4,12831,33628497,284,100.5856323,13.7337286,1232,151,1,1654427028,1747364711,0
LTE,520,5,12831,229665349,75,100.5860424,13.733946,448,3,1,1683842454,1749462289,0
UMTS,520,18,12831,224742149,390,100.5855783,13.7335538,685,132,1,1683418318,1738096680,0
LTE,520,4,173,165089435,434,100.5878938,13.7324194,493,47,1,1532170452,1737110040,0
UMTS,520,25,173,243988415,122,100.5878574,13.7323737,966,126,1,1667346791,1738757281,0
UMTS,520,18,173,154999202,366,100.5880584,13.732809,757,72,1,1655293573,1750532994,0
LTE,520,4,14440,116150391,251,100.5902495,13.7315036,661,150,1,1661496298,1740656217,0
LTE,520,18,14440,120548162,83,100.5900361,13.7307895,602,90,1,1505135276,1748234951,0
LTE,520,99,14440,72762687,264,100.5902873,13.7310218,458,17,1,1574719572,1752849239,0
NR,520,18,40187,217922530,132,100.5926432,13.7299069,245,4,1,1629780519,1746518769,0
NR,520,5,40187,23160394,215,100.5925625,13.7300209,225,97,1,1573403111,1736592413,0
LTE,520,4,40187,114852034,316,100.5923744,13.7301286,530,161,1,1534729771,1746765872,0
NR,520,5,28471,213247923,457,100.5717469,13.7439511,247,117,1,1597458400,1748686998,0
NR,520,18,28471,266053213,367,100.5714527,13.7440807,333,18,1,1513413627,1746025679,0
GSM,520,18,28471,62265864,269,100.5717489,13.7440412,1351,114,1,1556767816,1750241845,0
UMTS,520,18,28471,149994985,168,100.5718389,13.7439994,909,109,1,1692845581,1753594626,0
NR,520,5,28471,137235344,65,100.5717628,13.7438954,222,108,1,1619227715,1738013220,0
NR,520,5,28471,232959169,425,100.5717574,13.7438112,309,11,1,1563222256,1737579296,0
GSM,520,4,13412,179581539,306,100.5740585,13.7430175,1258,50,1,1596510444,1735409283,0
LTE,520,4,13412,6591301,122,100.5742501,13.7425914,457,147,1,1654524244,1738076596,0
LTE,520,0,13412,104057079,352,100.5739906,13.7428139,364,122,1,1673828838,1742980461,0
NR,520,5,13412,135635661,239,100.5741657,13.7429005,259,128,1,1537088890,1741159873,0
LTE,520,4,13412,24442233,269,100.5742235,13.7427873,622,153,1,1688792580,1745815529,0
LTE,520,4,43034,89028224,481,100.5765729,13.7414864,635,88,1,1513316574,1746420613,0
LTE,520,5,43034,171812405,122,100.5762513,13.7417194,498,24,1,1587168561,1738902539,0
NR,520,5,43034,67784912,301,100.5768863,13.7416231,253,10,1,1685972733,1742436647,0
LTE,520,18,43034,251871677,240,100.5763633,13.7418463,350,7,1,1615636124,1749137107,0
LTE,520,18,43034,115497916,356,100.5765094,13.7412735,500,92,1,1577914243,1753507269,0
UMTS,520,5,23161,94477394,71,100.5789281,13.739969,1259,101,1,1550432822,1752832040,0
LTE,520,18,23161,200175223,56,100.5791324,13.7401231,415,103,1,1606980426,1738886237,0
NR,520,5,23161,193542934,181,100.5788837,13.7401623,280,44,1,1664380536,1740124826,0
LTE,520,18,23161,260713753,436,100.5787421,13.7401678,684,81,1,1672399585,1740455637,0
UMTS,520,5,29512,181083167,494,100.5807189,13.7391733,1042,22,1,1521634872,1750478150,0
UMTS,520,4,29512,135692491,436,100.5812147,13.7389732,733,14,1,1516762598,1750419172,0
NR,520,5,29512,229034992,85,100.5809942,13.7388236,285,147,1,1583067166,1737338416,0
NR,520,18,29512,182616134,254,100.5807361,13.7388192,387,119,1,1522828853,1743785817,0
NR,520,18,29512,92751104,70,100.580993,13.73924,255,2,1,1535093008,1744598631,0
NR,520,5,29512,143639384,421,100.5808727,13.7391604,347,30,1,1506066287,1743410661,0
LTE,520,0,17882,48028257,161,100.5834427,13.7370997,425,121,1,1643180130,1735449135,0
LTE,520,99,17882,244847515,434,100.5833534,13.7375101,499,189,1,1553756556,1753821934,0
LTE,520,18,17882,235512661,243,100.5830791,13.7380177,613,131,1,1521672233,1735464058,0
NR,520,4,17882,129114256,404,100.5832703,13.737597,330,114,1,1593878414,1749976083,0
UMTS,520,0,17882,178151241,122,100.5832534,13.7376573,1125,173,1,1652046639,1744289292,0
NR,520,99,36793,223735814,278,100.5857227,13.7363886,346,167,1,1542533383,1750357231,0
UMTS,520,18,36793,112480603,245,100.5857602,13.7364531,1180,117,1,1694714697,1750385623,0
NR,520,99,36793,254361644,105,100.5857718,13.7362233,213,49,1,1667848857,1750222972,0
NR,520,5,36793,34163164,362,100.5859033,13.7364149,321,55,1,1631712412,1740305739,0
NR,520,5,36793,60212078,41,100.5859672,13.7363597,347,26,1,1654443163,1737251452,0
NR,520,4,36793,73778310,454,100.5857196,13.7361921,257,18,1,1531523183,1754325644,0
LTE,520,18,50382,207675871,419,100.5878444,13.734921,548,78,1,1522217323,1741057955,0
LTE,520,99,50382,33092517,433,100.5878424,13.7351364,372,149,1,1612512565,1736088308,0
LTE,520,99,50382,94909081,146,100.5879539,13.7347704,587,16,1,1568667861,1740712751,0
NR,520,0,50382,248627089,153,100.5877922,13.7351164,312,125,1,1643363939,1738212305,0
UMTS,520,99,50382,1502987,387,100.5877372,13.7353204,1154,43,1,1670292407,1745294403,0
LTE,520,4,16072,267775672,178,100.5904751,13.7341557,671,21,1,1601936934,1739672883,0
LTE,520,18,16072,138932698,83,100.5906308,13.7339293,430,88,1,1677915738,1743705662,0
UMTS,520,5,16072,142098375,235,100.5906582,13.7338905,638,154,1,1692286315,1752225282,0
LTE,520,18,16072,245933430,256,100.5906579,13.7339086,368,55,1,1650798204,1748764259,0
NR,520,99,24029,85815289,70,100.5737685,13.7455426,346,120,1,1634942631,1752394438,0
LTE,520,4,24029,209705803,419,100.5740084,13.7454798,598,19,1,1695645501,1736125666,0
NR,520,18,24029,7713654,457,100.5741374,13.745446,407,34,1,1696935153,1745493693,0
LTE,520,25,24029,205617345,432,100.5737389,13.7452322,422,132,1,1690930046,1752062632,0
NR,520,4,24029,191371725,218,100.5740233,13.7453206,417,107,1,1576749379,1750902992,0
LTE,520,4,27693,215566601,20,100.5761652,13.7440009,635,122,1,1632519313,1738651506,0
LTE,520,18,27693,21524801,317,100.576262,13.7439709,558,139,1,1663965384,1741519325,0
NR,520,4,27693,163084056,103,100.576447,13.7439474,346,10,1,1644087568,1743901282,0
UMTS,520,4,27693,42009357,138,100.5766336,13.7444047,1227,122,1,1526446018,1751398896,0
LTE,520,5,31833,6167672,192,100.5789726,13.7427592,672,139,1,1605150687,1748640091,0
NR,520,18,31833,48600361,341,100.5786797,13.7431017,243,6,1,1629338605,1738508153,0
UMTS,520,18,31833,10242549,103,100.578847,13.7426089,1021,102,1,1689545436,1738095272,0
LTE,520,18,31833,244266916,315,100.5787935,13.742637,411,49,1,1581037977,1740438330,0
LTE,520,5,31833,23477548,138,100.578837,13.7428487,483,136,1,1561052117,1746996648,0
NR,520,4,31833,94887544,159,100.578512,13.7426956,235,19,1,1586703488,1753009858,0
LTE,520,99,2750,78336054,135,100.581403,13.7415601,642,163,1,1523151006,1738036269,0
LTE,520,18,2750,253821299,431,100.5810644,13.7411556,503,101,1,1557832799,1740053493,0
GSM,520,18,2750,22057525,484,100.5810636,13.7415851,1045,110,1,1530996072,1745944345,0
LTE,520,5,2750,241359842,356,100.5810983,13.7412055,595,167,1,1547562020,1735099124,0
UMTS,520,4,2750,74027876,390,100.5809904,13.7413231,1032,131,1,1505192098,1738819461,0
NR,520,4,2750,202327142,316,100.5810963,13.7410618,408,93,1,1679924872,1739062674,0
UMTS,520,4,11556,53080899,410,100.5833923,13.7399909,887,195,1,1623473681,1753814500,0
LTE,520,18,11556,162996337,14,100.5835773,13.7402631,638,183,1,1664691888,1739162673,0
LTE,520,18,11556,47704635,158,100.5836711,13.7402693,618,68,1,1539113959,1741150152,0
NR,520,4,11556,190189457,337,100.5835029,13.7403546,272,194,1,1550832404,1744199350,0
UMTS,520,4,11556,151092179,173,100.5836347,13.7400829,1256,26,1,1578083063,1747619738,0
NR,520,5,47998,55660028,467,100.5853927,13.738545,385,58,1,1655441375,1742155605,0
NR,520,99,47998,205259054,244,100.5855283,13.7386316,344,105,1,1554404149,1738531418,0
NR,520,5,47998,186419095,263,100.5854041,13.7386912,401,3,1,1693064986,1746358588,0
NR,520,4,40304,41529993,327,100.5880316,13.7378298,389,136,1,1576405024,1751271708,0
LTE,520,4,40304,37422648,153,100.5878875,13.7375906,433,15,1,1536131507,1737706384,0
NR,520,99,40304,184611603,236,100.5882803,13.7379408,371,187,1,1656850091,1746256781,0
GSM,520,18,40304,63623691,285,100.588028,13.7375474,1413,12,1,1503748504,1745782861,0
NR,520,5,40304,66558298,63,100.5878587,13.737591,369,62,1,1660811192,1749352144,0
LTE,520,0,40304,28577599,220,100.5880181,13.7374126,631,60,1,1613047396,1754059891,0
LTE,520,4,25528,255359821,381,100.5902843,13.7362291,363,27,1,1511187815,1749520065,0
GSM,520,0,25528,7348461,417,100.5902142,13.7362229,1667,171,1,1571236705,1753742753,0
NR,520,4,25528,255521772,329,100.5899823,13.736385,319,82,1,1601015984,1750960001,0
LTE,520,5,25528,233132403,309,100.5903273,13.7363255,510,120,1,1622104901,1737500560,0
UMTS,520,4,25528,123668821,232,100.590411,13.7361176,1082,3,1,1563817402,1742255540,0
LTE,520,5,33232,226692260,110,100.5815775,13.7439578,374,127,1,1633648147,1738292168,0
LTE,520,99,33232,265358128,253,100.581194,13.743941,591,53,1,1541877680,1743717925,0
NR,520,4,33232,40316891,53,100.580968,13.7439964,414,27,1,1621468004,1752667826,0
LTE,520,5,33232,261012145,250,100.5813284,13.7436241,514,89,1,1591406708,1746161999,0
LTE,520,4,33232,256903386,146,100.581341,13.7439805,623,198,1,1636357791,1753254093,0
UMTS,520,99,33232,195165859,246,100.581031,13.7437721,981,104,1,1697155343,1740570539,0
NR,520,4,25394,242137947,348,100.5833144,13.7423043,363,112,1,1623700180,1737844109,0
NR,520,18,25394,20049676,94,100.5835031,13.7425138,363,101,1,1572113703,1737869414,0
NR,520,0,25394,62719177,204,100.5833956,13.7425815,405,112,1,1612438385,1737041303,0
NR,520,99,25394,57774144,75,100.5833048,13.7424072,413,7,1,1698767457,1753452826,0
LTE,520,0,25394,203149342,85,100.5833509,13.7424571,584,182,1,1683502243,1750261090,0
LTE,520,5,25394,250034832,197,100.5833259,13.7428652,535,179,1,1514473090,1735840722,0
NR,520,99,24633,208572967,43,100.5858482,13.7415918,401,103,1,1501943572,1754417919,0
NR,520,5,24633,82040343,220,100.5858427,13.7413108,253,5,1,1557309776,1739857109,0
LTE,520,5,24633,25272901,335,100.5859611,13.7411774,680,106,1,1639891820,1752004066,0
LTE,520,18,24633,56327112,353,100.585455,13.7412837,576,60,1,1633900541,1740993211,0
LTE,520,0,64368,198824417,227,100.5526807,13.7106895,589,128,1,1545818318,1753386317,0
NR,520,18,64368,174836902,144,100.5526566,13.7107161,340,24,1,1672250918,1750158039,0
LTE,520,4,64368,159123550,382,100.552806,13.7109032,680,138,1,1561527201,1753798539,0
NR,520,99,64368,37301003,342,100.552777,13.7110099,226,193,1,1662430432,1741772430,0
GSM,520,4,64368,43125791,6,100.5527993,13.7108511,1152,108,1,1539222797,1752505457,0
NR,520,0,17950,14806985,42,100.5890151,13.7494831,373,194,1,1671394018,1739635467,0
UMTS,520,18,17950,37376495,327,100.588973,13.7497767,762,77,1,1652779785,1741594422,0
UMTS,520,25,17950,138011618,301,100.5893313,13.7495086,1158,128,1,1501816047,1741033452,0
GSM,520,18,17950,213582841,383,100.5888279,13.7497351,1561,75,1,1536796883,1744464077,0
NR,520,4,17950,139393137,394,100.589018,13.7494709,313,155,1,1683871130,1751675803,0
UMTS,520,18,17950,146953642,433,100.5891761,13.7496702,1047,117,1,1576129470,1738818941,0
UMTS,520,4,35638,180923777,214,100.5985835,13.7321258,648,37,1,1605093243,1738020949,0
UMTS,520,5,35638,124081836,309,100.5988591,13.7316779,1151,179,1,1690321270,1736820498,0
NR,520,99,35638,137735334,131,100.5989824,13.7322334,333,86,1,1606682832,1740660482,0
LTE,520,5,14798,209731956,200,100.5574711,13.7450719,637,11,1,1533289616,1748005854,0
LTE,520,4,14798,225212510,469,100.5570406,13.7449924,428,95,1,1688743051,1736231583,0
NR,520,5,14798,192143237,292,100.5575471,13.7449983,223,98,1,1610204285,1735959169,0
UMTS,520,99,14798,163742446,314,100.5573842,13.7453936,1080,177,1,1586101893,1746332170,0
LTE,520,18,60124,194960446,237,100.5946761,13.7510796,497,110,1,1631803240,1752536025,0
UMTS,520,5,60124,161307375,136,100.5947825,13.7509254,1143,182,1,1523307382,1750462647,0
NR,520,4,60124,159505043,274,100.5949115,13.7508717,292,171,1,1663990960,1745625144,0
NR,520,5,60124,22570880,357,100.5947907,13.7509449,378,78,1,1612214654,1747790278,0
LTE,520,99,28541,52424831,385,100.552251,13.7495947,401,177,1,1527281967,1748574165,0
LTE,520,5,28541,167108624,391,100.5523474,13.7500137,531,23,1,1608718547,1752808191,0
LTE,520,5,28541,46151565,148,100.5526337,13.7501227,602,37,1,1575549221,1743953018,0
NR,520,5,28541,190814953,380,100.55248,13.7498194,331,18,1,1614841764,1750049579,0
UMTS,520,18,28541,103097446,212,100.5527595,13.7500391,1213,184,1,1612049931,1746562348,0
NR,520,18,25699,86152527,353,100.5521076,13.7428342,414,183,1,1629734845,1736635231,0
NR,520,4,25699,261659672,491,100.551958,13.7429569,245,85,1,1569319923,1742034383,0
NR,520,4,25699,118869903,489,100.5519652,13.7429772,392,75,1,1660241799,1743162712,0
NR,520,5,24759,148024329,336,100.5988146,13.7433051,336,139,1,1695934586,1754807291,0
LTE,520,18,24759,84739497,70,100.5992685,13.7434974,557,178,1,1692764240,1740556997,0
LTE,520,5,24759,30403585,155,100.5988387,13.7434172,402,177,1,1686080937,1743727268,0
NR,520,99,24759,261740296,74,100.5987561,13.7432992,226,104,1,1628614596,1742674884,0
LTE,520,4,24759,143705016,303,100.5990985,13.7433597,472,71,1,1544920763,1750050493,0
UMTS,520,18,30251,25872283,328,100.5931734,13.7430102,1161,73,1,1546592123,1735767955,0
NR,520,18,30251,261260729,221,100.5932122,13.7426789,251,7,1,1696137030,1741197014,0
NR,520,18,30251,14085987,9,100.5931506,13.7428736,218,66,1,1559491212,1743126525,0
LTE,520,99,30251,171402376,493,100.5930794,13.7431336,413,10,1,1670664772,1745219820,0
GSM,520,5,61268,50050090,255,100.5591727,13.7517585,1241,109,1,1543325035,1737076170,0
NR,520,25,61268,151418502,335,100.5589741,13.7519283,256,35,1,1597110641,1741367124,0
LTE,520,0,61268,56574122,83,100.559074,13.7521199,427,138,1,1543352718,1740087304,0
LTE,520,4,61268,152713046,182,100.5592525,13.7518786,368,172,1,1616774621,1743227461,0
LTE,520,4,64785,206219771,192,100.5755827,13.7505806,427,19,1,1638198295,1745353802,0
LTE,520,5,64785,158308812,65,100.5760434,13.7506037,565,78,1,1675787367,1745099845,0
LTE,520,99,64785,244766109,263,100.5757624,13.75046,637,125,1,1593978292,1735299615,0
NR,520,99,64785,66345873,111,100.575831,13.7505059,405,141,1,1580462672,1738908829,0
UMTS,520,5,64785,66438095,280,100.5755955,13.7504008,1193,105,1,1634487994,1750807749,0
LTE,520,0,64785,77581313,472,100.5757486,13.750389,544,52,1,1596718856,1738790826,0
NR,520,4,30529,12286411,20,100.5922154,13.7104359,233,102,1,1663999113,1751532078,0
LTE,520,99,30529,181575067,56,100.5923851,13.7104609,573,162,1,1639828905,1741736513,0
NR,520,4,30529,215591784,425,100.5920784,13.71056,276,41,1,1512173304,1740403896,0
LTE,520,5,30529,23660130,228,100.5920398,13.7102874,588,175,1,1692038686,1748412947,0
NR,520,5,30529,264021805,90,100.591973,13.7108157,345,2,1,1524861618,1750190015,0
LTE,520,18,11491,248758616,222,100.598898,13.7368872,553,5,1,1622814768,1754084477,0
NR,520,5,11491,177788934,389,100.5985886,13.7368187,291,74,1,1567316075,1751922074,0
GSM,520,5,11491,146957324,422,100.5987839,13.7368633,1195,161,1,1616410184,1747569321,0
NR,520,4,36757,128558535,102,100.5977802,13.716126,353,146,1,1523350559,1736815493,0
NR,520,4,36757,24797743,428,100.5980673,13.7159749,335,61,1,1543465350,1754523194,0
LTE,520,4,36757,77091097,470,100.5977155,13.7162555,403,16,1,1505977725,1753467368,0
LTE,520,5,36757,82081287,99,100.5980591,13.7160837,679,86,1,1674923555,1735966992,0
LTE,520,4,36757,64821231,350,100.597818,13.7161857,578,127,1,1662594935,1743081013,0
LTE,520,18,57615,88204241,495,100.5996817,13.7238528,449,152,1,1677128626,1745228270,0
LTE,520,5,57615,175127741,309,100.5996506,13.7240164,526,22,1,1690909902,1735105639,0
NR,520,4,57615,58551223,475,100.5997028,13.7237884,216,144,1,1503603040,1754677967,0
NR,520,18,57615,165692204,111,100.5996419,13.7240032,300,186,1,1649843767,1748250920,0
LTE,520,18,57615,106421462,362,100.5997443,13.7237281,528,25,1,1546196894,1741428475,0
NR,520,5,11785,114396047,312,100.551031,13.715843,265,148,1,1599035742,1753035051,0
NR,520,18,11785,119775534,154,100.5508099,13.7155516,243,159,1,1666191600,1750506399,0
NR,520,4,11785,87377475,17,100.5508858,13.7159266,267,105,1,1600954711,1750378034,0
NR,520,25,33250,84365667,261,100.5662287,13.7507921,310,61,1,1584479203,1751158615,0
UMTS,520,0,33250,154797740,169,100.5659406,13.7505596,1124,69,1,1691450420,1747696724,0
LTE,520,5,33250,151186699,453,100.5658791,13.7504568,384,38,1,1588944202,1743111061,0
LTE,520,4,33250,112334335,195,100.565796,13.7505569,697,69,1,1521399898,1753733060,0
UMTS,520,0,33250,93601832,21,100.5659539,13.7507138,674,113,1,1648303845,1736269026,0
LTE,520,4,56569,215946934,316,100.5820282,13.7497369,425,115,1,1582035541,1744756208,0
LTE,520,4,56569,255430425,270,100.582448,13.7493864,439,111,1,1502319865,1735651703,0
NR,520,5,56569,59172559,492,100.582597,13.7495577,261,168,1,1549260735,1738568106,0
LTE,520,4,56569,98211942,436,100.5825427,13.7493472,537,167,1,1592525874,1735705533,0
LTE,520,5,56569,3450342,146,100.582604,13.7495812,674,102,1,1647431069,1744063253,0
UMTS,520,4,56569,177687657,447,100.5825872,13.7493387,911,88,1,1537463389,1751183638,0
UMTS,520,5,65495,77649968,113,100.5517695,13.7371875,789,28,1,1540857478,1753268804,0
UMTS,520,5,65495,183005519,203,100.5519132,13.7370667,935,164,1,1580270408,1739993023,0
LTE,520,4,65495,179838459,331,100.5518753,13.7375113,674,131,1,1663490251,1753969243,0
LTE,520,4,65495,153976738,56,100.551821,13.7374703,574,11,1,1624325932,1738285503,0
UMTS,520,5,65495,103258725,66,100.551971,13.7371575,825,185,1,1601557099,1740306570,0
LTE,520,5,65495,259130252,265,100.5518631,13.7374441,591,141,1,1660707161,1742206582,0
UMTS,520,18,35100,233024855,16,100.5996598,13.710717,1140,30,1,1510254925,1749447602,0
GSM,520,99,35100,262736988,10,100.5994613,13.7105181,1347,61,1,1647810363,1748576546,0
LTE,520,5,35100,101343018,134,100.599528,13.7109126,448,192,1,1675306181,1748758307,0
LTE,520,5,35100,206747277,9,100.5995517,13.7105939,442,138,1,1529517777,1748979869,0
UMTS,520,5,24842,86758387,390,100.5504003,13.7228149,756,117,1,1542954257,1736067218,0
NR,520,4,24842,3481780,30,100.5504598,13.7225538,270,61,1,1583115708,1736325774,0
LTE,520,18,24842,197948226,13,100.5505387,13.7225335,460,95,1,1536778959,1744720373,0
NR,520,4,24842,241367448,106,100.5505964,13.7225938,366,148,1,1647604562,1747654650,0
LTE,520,18,24842,103166267,400,100.5507091,13.7227118,622,143,1,1636160838,1739277823,0
GSM,520,0,33068,57632847,75,100.5501588,13.7322393,1576,92,1,1636931576,1748809419,0
LTE,520,5,33068,39050121,425,100.5503247,13.7323195,517,92,1,1611256102,1738030833,0
UMTS,520,4,33068,150506326,420,100.5503491,13.7322446,660,47,1,1678275060,1747207053,0
NR,520,18,12033,52175356,45,100.5995089,13.7518351,327,141,1,1582896692,1749681276,0
LTE,520,99,12033,40638562,482,100.5994527,13.7520054,531,54,1,1635345898,1746019996,0
LTE,520,99,12033,31463844,104,100.5996177,13.751677,694,47,1,1688615533,1741801284,0
NR,520,4,55693,72674546,400,100.5618174,13.7474887,280,10,1,1627579255,1744122800,0
LTE,520,4,55693,58151395,29,100.5616246,13.7474808,656,178,1,1593150815,1752853937,0
LTE,520,4,55693,265570856,24,100.562179,13.7471643,533,56,1,1613526778,1747742557,0
LTE,520,99,55693,238281063,332,100.5616838,13.7475117,430,159,1,1641187674,1742530590,0
LTE,520,4,23513,38097417,318,100.5708939,13.7510269,369,195,1,1501108847,1743884948,0
LTE,520,18,23513,148656393,19,100.5709316,13.7513885,595,142,1,1601576697,1735341675,0
NR,520,99,23513,153890649,432,100.5710795,13.7513353,305,35,1,1645739255,1738537857,0
UMTS,520,25,24403,213783154,162,100.549965,13.7276778,1198,107,1,1587705326,1738405293,0
UMTS,520,18,24403,53277325,51,100.5501988,13.7276124,638,149,1,1635427162,1754330449,0
LTE,520,4,24403,202641923,345,100.5502239,13.727493,612,199,1,1538922544,1736940228,0
NR,520,4,24403,264011789,331,100.550094,13.727616,349,195,1,1524065470,1742587282,0
NR,520,99,24403,102068415,46,100.5501183,13.7273287,389,71,1,1677674245,1741002102,0
LTE,520,18,24403,92749162,446,100.5501549,13.7276667,561,142,1,1548757082,1736791890,0
LTE,520,18,4731,61249117,453,100.5576864,13.7104126,608,78,1,1576686443,1735321934,0
NR,520,18,4731,92512716,145,100.5577283,13.7098988,378,24,1,1634038724,1736867660,0
LTE,520,25,4731,215067455,133,100.5576975,13.7100896,628,80,1,1574462086,1750089413,0
LTE,520,4,4731,17401194,266,100.5576739,13.7101723,453,169,1,1539668814,1750251292,0
